Downloading https://services.gradle.org/distributions/gradle-8.8-bin.zip
.............10%.............20%.............30%.............40%.............50%.............60%..............70%.............80%.............90%.............100%
Initialized native services in: /app/.gradle-local/native
Initialized jansi services in: /app/.gradle-local/native

Welcome to Gradle 8.8!

Here are the highlights of this release:
 - Running Gradle on Java 22
 - Configurable Gradle daemon JVM
 - Improved IDE performance for large projects

For more details see https://docs.gradle.org/8.8/release-notes.html

Received JVM installation metadata from '/usr/lib/jvm/java-21-openjdk-amd64': {JAVA_HOME=/usr/lib/jvm/java-21-openjdk-amd64, JAVA_VERSION=21.0.10, JAVA_VENDOR=Ubuntu, RUNTIME_NAME=OpenJDK Runtime Environment, RUNTIME_VERSION=21.0.10+7-Ubuntu-124.04, VM_NAME=OpenJDK 64-Bit Server VM, VM_VERSION=21.0.10+7-Ubuntu-124.04, VM_VENDOR=Ubuntu, OS_ARCH=amd64}
Removing 0 daemon stop events from registry
Starting a Gradle Daemon (subsequent builds will be faster)
Starting process 'Gradle build daemon'. Working directory: /app/.gradle-local/daemon/8.8 Command: /usr/lib/jvm/java-21-openjdk-amd64/bin/java --add-opens=java.base/java.util=ALL-UNNAMED --add-opens=java.base/java.lang=ALL-UNNAMED --add-opens=java.base/java.lang.invoke=ALL-UNNAMED --add-opens=java.prefs/java.util.prefs=ALL-UNNAMED --add-opens=java.base/java.nio.charset=ALL-UNNAMED --add-opens=java.base/java.net=ALL-UNNAMED --add-opens=java.base/java.util.concurrent.atomic=ALL-UNNAMED -Xmx4G -Dfile.encoding=UTF-8 -Duser.country -Duser.language=en -Duser.variant -cp /app/.gradle-local/wrapper/dists/gradle-8.8-bin/dl7vupf4psengwqhwktix4v1/gradle-8.8/lib/gradle-launcher-8.8.jar -javaagent:/app/.gradle-local/wrapper/dists/gradle-8.8-bin/dl7vupf4psengwqhwktix4v1/gradle-8.8/lib/agents/gradle-instrumentation-agent-8.8.jar org.gradle.launcher.daemon.bootstrap.GradleDaemon 8.8
Successfully started process 'Gradle build daemon'
An attempt to start the daemon took 2.133 secs.
The client will now receive all logging from the daemon (pid: 4568). The daemon log file: /app/.gradle-local/daemon/8.8/daemon-4568.out.log
Starting build in new daemon [memory: 4 GiB]
Using 4 worker leases.
Received JVM installation metadata from '/usr/lib/jvm/java-21-openjdk-amd64': {JAVA_HOME=/usr/lib/jvm/java-21-openjdk-amd64, JAVA_VERSION=21.0.10, JAVA_VENDOR=Ubuntu, RUNTIME_NAME=OpenJDK Runtime Environment, RUNTIME_VERSION=21.0.10+7-Ubuntu-124.04, VM_NAME=OpenJDK 64-Bit Server VM, VM_VERSION=21.0.10+7-Ubuntu-124.04, VM_VENDOR=Ubuntu, OS_ARCH=amd64}
Watching the file system is configured to be enabled if available
Not watching /app since the file system is not supported
File system watching is active
Starting Build
Caching disabled for Groovy DSL script compilation (cp_settings) because:
  Build cache is disabled
  Not worth caching.
Compiling settings file '/app/settings.gradle' using SubsetScriptTransformer.
Caching disabled for Groovy DSL script compilation (settings) because:
  Build cache is disabled
  Not worth caching.
Compiling settings file '/app/settings.gradle' using BuildScriptTransformer.
Settings evaluated using settings file '/app/settings.gradle'.
Projects loaded. Root project using build file '/app/build.gradle'.
Included projects: [root project 'BetterNether']

> Configure project :
Evaluating root project 'BetterNether' using build file '/app/build.gradle'.
Caching disabled for Groovy DSL script compilation (cp_proj) because:
  Build cache is disabled
  Not worth caching.
Compiling build file '/app/build.gradle' using SubsetScriptTransformer.
Downloading https://maven.neoforged.net/releases/net/neoforged/moddev/net.neoforged.moddev.gradle.plugin/2.0.74/net.neoforged.moddev.gradle.plugin-2.0.74.pom to /app/.gradle-local/.tmp/gradle_download3184705370358905741bin
Resource missing. [HTTP HEAD: https://maven.neoforged.net/releases/net/neoforged/moddev/net.neoforged.moddev.gradle.plugin/2.0.74/net.neoforged.moddev.gradle.plugin-2.0.74.jar]
Resource missing. [HTTP GET: https://maven.neoforged.net/releases/com/diffplug/spotless/com.diffplug.spotless.gradle.plugin/6.25.0/com.diffplug.spotless.gradle.plugin-6.25.0.pom]
Downloading https://plugins.gradle.org/m2/com/diffplug/spotless/com.diffplug.spotless.gradle.plugin/6.25.0/com.diffplug.spotless.gradle.plugin-6.25.0.pom to /app/.gradle-local/.tmp/gradle_download13813059577028372236bin
Resource missing. [HTTP HEAD: https://plugins.gradle.org/m2/com/diffplug/spotless/com.diffplug.spotless.gradle.plugin/6.25.0/com.diffplug.spotless.gradle.plugin-6.25.0.jar]
Downloading https://maven.neoforged.net/releases/net/neoforged/moddev-gradle/2.0.74/moddev-gradle-2.0.74.pom to /app/.gradle-local/.tmp/gradle_download9058949460627540720bin
Downloading https://maven.neoforged.net/releases/net/neoforged/moddev-gradle/2.0.74/moddev-gradle-2.0.74.module to /app/.gradle-local/.tmp/gradle_download12658461167608658494bin
Downloading https://maven.neoforged.net/releases/com/diffplug/spotless/spotless-plugin-gradle/6.25.0/spotless-plugin-gradle-6.25.0.pom to /app/.gradle-local/.tmp/gradle_download7317708160127367556bin
Downloading https://maven.neoforged.net/releases/com/diffplug/spotless/spotless-plugin-gradle/6.25.0/spotless-plugin-gradle-6.25.0.module to /app/.gradle-local/.tmp/gradle_download17165552344003939617bin
Resource missing. [HTTP GET: https://maven.neoforged.net/releases/gradle/plugin/org/jetbrains/gradle/plugin/idea-ext/gradle-idea-ext/1.1.9/gradle-idea-ext-1.1.9.pom]
Downloading https://plugins.gradle.org/m2/gradle/plugin/org/jetbrains/gradle/plugin/idea-ext/gradle-idea-ext/1.1.9/gradle-idea-ext-1.1.9.pom to /app/.gradle-local/.tmp/gradle_download5631332398187925508bin
Downloading https://maven.neoforged.net/releases/com/diffplug/durian/durian-core/1.2.0/durian-core-1.2.0.pom to /app/.gradle-local/.tmp/gradle_download4620552922649891676bin
Downloading https://maven.neoforged.net/releases/com/diffplug/durian/durian-io/1.2.0/durian-io-1.2.0.pom to /app/.gradle-local/.tmp/gradle_download14711650745024169305bin
Downloading https://maven.neoforged.net/releases/org/eclipse/jgit/org.eclipse.jgit/6.7.0.202309050840-r/org.eclipse.jgit-6.7.0.202309050840-r.pom to /app/.gradle-local/.tmp/gradle_download6514815315345376010bin
Downloading https://maven.neoforged.net/releases/com/diffplug/durian/durian-collect/1.2.0/durian-collect-1.2.0.pom to /app/.gradle-local/.tmp/gradle_download17035097522376035355bin
Downloading https://maven.neoforged.net/releases/com/diffplug/spotless/spotless-lib/2.45.0/spotless-lib-2.45.0.pom to /app/.gradle-local/.tmp/gradle_download8568448680220465894bin
Downloading https://maven.neoforged.net/releases/com/diffplug/spotless/spotless-lib-extra/2.45.0/spotless-lib-extra-2.45.0.pom to /app/.gradle-local/.tmp/gradle_download18028912580094540207bin
Downloading https://maven.neoforged.net/releases/org/eclipse/jgit/org.eclipse.jgit-parent/6.7.0.202309050840-r/org.eclipse.jgit-parent-6.7.0.202309050840-r.pom to /app/.gradle-local/.tmp/gradle_download727343208592543950bin
Downloading https://maven.neoforged.net/releases/com/diffplug/spotless/spotless-lib-extra/2.45.0/spotless-lib-extra-2.45.0.module to /app/.gradle-local/.tmp/gradle_download7766539666691122145bin
Downloading https://maven.neoforged.net/releases/com/diffplug/spotless/spotless-lib/2.45.0/spotless-lib-2.45.0.module to /app/.gradle-local/.tmp/gradle_download7664993378678310618bin
Downloading https://maven.neoforged.net/releases/com/google/code/gson/gson/2.10.1/gson-2.10.1.pom to /app/.gradle-local/.tmp/gradle_download1730462690034067000bin
Downloading https://maven.neoforged.net/releases/com/google/guava/guava/28.2-jre/guava-28.2-jre.pom to /app/.gradle-local/.tmp/gradle_download6034266685522260330bin
Downloading https://maven.neoforged.net/releases/com/google/code/gson/gson-parent/2.10.1/gson-parent-2.10.1.pom to /app/.gradle-local/.tmp/gradle_download14558698941431145656bin
Downloading https://maven.neoforged.net/releases/com/google/guava/guava-parent/28.2-jre/guava-parent-28.2-jre.pom to /app/.gradle-local/.tmp/gradle_download15242950108676928893bin
Downloading https://maven.neoforged.net/releases/commons-codec/commons-codec/1.16.0/commons-codec-1.16.0.pom to /app/.gradle-local/.tmp/gradle_download15456783501032219430bin
Downloading https://maven.neoforged.net/releases/com/googlecode/javaewah/JavaEWAH/1.2.3/JavaEWAH-1.2.3.pom to /app/.gradle-local/.tmp/gradle_download2961297737375043443bin
Downloading https://maven.neoforged.net/releases/org/sonatype/oss/oss-parent/5/oss-parent-5.pom to /app/.gradle-local/.tmp/gradle_download3685866856931566314bin
Downloading https://maven.neoforged.net/releases/org/apache/commons/commons-parent/58/commons-parent-58.pom to /app/.gradle-local/.tmp/gradle_download17408357094508218317bin
Downloading https://maven.neoforged.net/releases/org/apache/apache/29/apache-29.pom to /app/.gradle-local/.tmp/gradle_download13844682863506085875bin
Downloading https://maven.neoforged.net/releases/org/junit/junit-bom/5.9.3/junit-bom-5.9.3.pom to /app/.gradle-local/.tmp/gradle_download13650153777744403120bin
Downloading https://maven.neoforged.net/releases/org/junit/junit-bom/5.9.3/junit-bom-5.9.3.module to /app/.gradle-local/.tmp/gradle_download3103199819041159568bin
Downloading https://maven.neoforged.net/releases/org/slf4j/slf4j-api/1.7.36/slf4j-api-1.7.36.pom to /app/.gradle-local/.tmp/gradle_download16803310398579432963bin
Downloading https://maven.neoforged.net/releases/org/slf4j/slf4j-parent/1.7.36/slf4j-parent-1.7.36.pom to /app/.gradle-local/.tmp/gradle_download16452700416548477884bin
Downloading https://maven.neoforged.net/releases/dev/equo/ide/solstice/1.7.5/solstice-1.7.5.pom to /app/.gradle-local/.tmp/gradle_download12489604834859823676bin
Downloading https://maven.neoforged.net/releases/com/googlecode/concurrent-trees/concurrent-trees/2.6.1/concurrent-trees-2.6.1.pom to /app/.gradle-local/.tmp/gradle_download11453802784051977430bin
Downloading https://maven.neoforged.net/releases/org/sonatype/oss/oss-parent/7/oss-parent-7.pom to /app/.gradle-local/.tmp/gradle_download6106779819554795334bin
Downloading https://maven.neoforged.net/releases/dev/equo/ide/solstice/1.7.5/solstice-1.7.5.module to /app/.gradle-local/.tmp/gradle_download1433979038780832963bin
Downloading https://maven.neoforged.net/releases/com/google/code/findbugs/jsr305/3.0.2/jsr305-3.0.2.pom to /app/.gradle-local/.tmp/gradle_download3584222811739379308bin
Downloading https://maven.neoforged.net/releases/com/google/guava/listenablefuture/9999.0-empty-to-avoid-conflict-with-guava/listenablefuture-9999.0-empty-to-avoid-conflict-with-guava.pom to /app/.gradle-local/.tmp/gradle_download14228205203757972581bin
Downloading https://maven.neoforged.net/releases/org/checkerframework/checker-qual/2.10.0/checker-qual-2.10.0.pom to /app/.gradle-local/.tmp/gradle_download1900061429854257795bin
Downloading https://maven.neoforged.net/releases/com/google/guava/guava-parent/26.0-android/guava-parent-26.0-android.pom to /app/.gradle-local/.tmp/gradle_download1571547559512321335bin
Downloading https://maven.neoforged.net/releases/com/google/guava/failureaccess/1.0.1/failureaccess-1.0.1.pom to /app/.gradle-local/.tmp/gradle_download9055080558465693167bin
Downloading https://maven.neoforged.net/releases/org/sonatype/oss/oss-parent/9/oss-parent-9.pom to /app/.gradle-local/.tmp/gradle_download6483206982128234674bin
Downloading https://maven.neoforged.net/releases/com/google/errorprone/error_prone_annotations/2.3.4/error_prone_annotations-2.3.4.pom to /app/.gradle-local/.tmp/gradle_download17990570155032024992bin
Downloading https://maven.neoforged.net/releases/com/google/errorprone/error_prone_parent/2.3.4/error_prone_parent-2.3.4.pom to /app/.gradle-local/.tmp/gradle_download13171242678953299305bin
Downloading https://maven.neoforged.net/releases/com/google/j2objc/j2objc-annotations/1.3/j2objc-annotations-1.3.pom to /app/.gradle-local/.tmp/gradle_download10094137148827538515bin
Downloading https://maven.neoforged.net/releases/com/squareup/okhttp3/okhttp/4.12.0/okhttp-4.12.0.pom to /app/.gradle-local/.tmp/gradle_download16379088375169855401bin
Downloading https://maven.neoforged.net/releases/com/squareup/okhttp3/okhttp/4.12.0/okhttp-4.12.0.module to /app/.gradle-local/.tmp/gradle_download18178735125902936234bin
Downloading https://maven.neoforged.net/releases/org/eclipse/platform/org.eclipse.osgi/3.18.300/org.eclipse.osgi-3.18.300.pom to /app/.gradle-local/.tmp/gradle_download17070045573235707484bin
Downloading https://maven.neoforged.net/releases/org/tukaani/xz/1.9/xz-1.9.pom to /app/.gradle-local/.tmp/gradle_download14463336666039746404bin
Downloading https://maven.neoforged.net/releases/com/diffplug/durian/durian-swt.os/4.2.2/durian-swt.os-4.2.2.pom to /app/.gradle-local/.tmp/gradle_download10356774913900521886bin
Downloading https://maven.neoforged.net/releases/com/diffplug/durian/durian-swt.os/4.2.2/durian-swt.os-4.2.2.module to /app/.gradle-local/.tmp/gradle_download14483199538019447652bin
Downloading https://maven.neoforged.net/releases/com/squareup/okio/okio/3.6.0/okio-3.6.0.pom to /app/.gradle-local/.tmp/gradle_download8818841270544832874bin
Downloading https://maven.neoforged.net/releases/org/jetbrains/kotlin/kotlin-stdlib-jdk8/1.8.21/kotlin-stdlib-jdk8-1.8.21.pom to /app/.gradle-local/.tmp/gradle_download2469413696908218107bin
Downloading https://maven.neoforged.net/releases/com/squareup/okio/okio/3.6.0/okio-3.6.0.module to /app/.gradle-local/.tmp/gradle_download14960969748455718484bin
Downloading https://maven.neoforged.net/releases/com/squareup/okio/okio-jvm/3.6.0/okio-jvm-3.6.0.pom to /app/.gradle-local/.tmp/gradle_download5901788671974708331bin
Downloading https://maven.neoforged.net/releases/com/squareup/okio/okio-jvm/3.6.0/okio-jvm-3.6.0.module to /app/.gradle-local/.tmp/gradle_download13762868236613569343bin
Downloading https://maven.neoforged.net/releases/org/jetbrains/kotlin/kotlin-stdlib-jdk7/1.8.21/kotlin-stdlib-jdk7-1.8.21.pom to /app/.gradle-local/.tmp/gradle_download14729353767344481984bin
Downloading https://maven.neoforged.net/releases/org/jetbrains/kotlin/kotlin-stdlib/1.8.21/kotlin-stdlib-1.8.21.pom to /app/.gradle-local/.tmp/gradle_download905777845612961883bin
Downloading https://maven.neoforged.net/releases/org/jetbrains/kotlin/kotlin-stdlib-jdk8/1.9.10/kotlin-stdlib-jdk8-1.9.10.pom to /app/.gradle-local/.tmp/gradle_download7429074691529412197bin
Downloading https://maven.neoforged.net/releases/org/jetbrains/kotlin/kotlin-stdlib-common/1.9.10/kotlin-stdlib-common-1.9.10.pom to /app/.gradle-local/.tmp/gradle_download4486692697979394442bin
Downloading https://maven.neoforged.net/releases/org/jetbrains/kotlin/kotlin-stdlib-jdk7/1.9.10/kotlin-stdlib-jdk7-1.9.10.pom to /app/.gradle-local/.tmp/gradle_download16045899115570780157bin
Downloading https://maven.neoforged.net/releases/org/jetbrains/kotlin/kotlin-stdlib/1.9.10/kotlin-stdlib-1.9.10.pom to /app/.gradle-local/.tmp/gradle_download5214359456717710022bin
Downloading https://maven.neoforged.net/releases/org/jetbrains/annotations/13.0/annotations-13.0.pom to /app/.gradle-local/.tmp/gradle_download9885418637559171965bin
Downloading https://plugins.gradle.org/m2/gradle/plugin/org/jetbrains/gradle/plugin/idea-ext/gradle-idea-ext/1.1.9/gradle-idea-ext-1.1.9.jar to /app/.gradle-local/.tmp/gradle_download17224569609891937933bin
Downloading https://maven.neoforged.net/releases/net/neoforged/moddev-gradle/2.0.74/moddev-gradle-2.0.74.jar to /app/.gradle-local/.tmp/gradle_download11124022027644259067bin
Downloading https://maven.neoforged.net/releases/com/diffplug/spotless/spotless-plugin-gradle/6.25.0/spotless-plugin-gradle-6.25.0.jar to /app/.gradle-local/.tmp/gradle_download8130956360083426176bin
Downloading https://maven.neoforged.net/releases/com/diffplug/durian/durian-io/1.2.0/durian-io-1.2.0.jar to /app/.gradle-local/.tmp/gradle_download18098679284531782315bin
Downloading https://maven.neoforged.net/releases/com/diffplug/spotless/spotless-lib-extra/2.45.0/spotless-lib-extra-2.45.0.jar to /app/.gradle-local/.tmp/gradle_download16855157621712892896bin
Downloading https://maven.neoforged.net/releases/com/diffplug/durian/durian-collect/1.2.0/durian-collect-1.2.0.jar to /app/.gradle-local/.tmp/gradle_download11412901685126789293bin
Downloading https://maven.neoforged.net/releases/com/diffplug/durian/durian-core/1.2.0/durian-core-1.2.0.jar to /app/.gradle-local/.tmp/gradle_download11851043998664091143bin
Downloading https://maven.neoforged.net/releases/org/eclipse/jgit/org.eclipse.jgit/6.7.0.202309050840-r/org.eclipse.jgit-6.7.0.202309050840-r.jar to /app/.gradle-local/.tmp/gradle_download16166894292037748343bin
Downloading https://maven.neoforged.net/releases/com/diffplug/spotless/spotless-lib/2.45.0/spotless-lib-2.45.0.jar to /app/.gradle-local/.tmp/gradle_download16636838686506410377bin
Downloading https://maven.neoforged.net/releases/com/google/guava/guava/28.2-jre/guava-28.2-jre.jar to /app/.gradle-local/.tmp/gradle_download15238780435544017182bin
Downloading https://maven.neoforged.net/releases/com/googlecode/javaewah/JavaEWAH/1.2.3/JavaEWAH-1.2.3.jar to /app/.gradle-local/.tmp/gradle_download2933558885167510769bin
Downloading https://maven.neoforged.net/releases/commons-codec/commons-codec/1.16.0/commons-codec-1.16.0.jar to /app/.gradle-local/.tmp/gradle_download112883285895537846bin
Downloading https://maven.neoforged.net/releases/com/google/code/gson/gson/2.10.1/gson-2.10.1.jar to /app/.gradle-local/.tmp/gradle_download15102046720242246050bin
Downloading https://maven.neoforged.net/releases/dev/equo/ide/solstice/1.7.5/solstice-1.7.5.jar to /app/.gradle-local/.tmp/gradle_download13233711151277282903bin
Downloading https://maven.neoforged.net/releases/org/slf4j/slf4j-api/1.7.36/slf4j-api-1.7.36.jar to /app/.gradle-local/.tmp/gradle_download8013695448551937883bin
Downloading https://maven.neoforged.net/releases/com/google/guava/listenablefuture/9999.0-empty-to-avoid-conflict-with-guava/listenablefuture-9999.0-empty-to-avoid-conflict-with-guava.jar to /app/.gradle-local/.tmp/gradle_download5923655195844108026bin
Downloading https://maven.neoforged.net/releases/com/google/guava/failureaccess/1.0.1/failureaccess-1.0.1.jar to /app/.gradle-local/.tmp/gradle_download13321231742074074784bin
Downloading https://maven.neoforged.net/releases/com/google/code/findbugs/jsr305/3.0.2/jsr305-3.0.2.jar to /app/.gradle-local/.tmp/gradle_download5093800217983559281bin
Downloading https://maven.neoforged.net/releases/org/checkerframework/checker-qual/2.10.0/checker-qual-2.10.0.jar to /app/.gradle-local/.tmp/gradle_download13686296859215291408bin
Downloading https://maven.neoforged.net/releases/com/google/errorprone/error_prone_annotations/2.3.4/error_prone_annotations-2.3.4.jar to /app/.gradle-local/.tmp/gradle_download4911317642411914527bin
Downloading https://maven.neoforged.net/releases/com/google/j2objc/j2objc-annotations/1.3/j2objc-annotations-1.3.jar to /app/.gradle-local/.tmp/gradle_download15675552335893934237bin
Downloading https://maven.neoforged.net/releases/com/squareup/okhttp3/okhttp/4.12.0/okhttp-4.12.0.jar to /app/.gradle-local/.tmp/gradle_download2054228880226859932bin
Downloading https://maven.neoforged.net/releases/com/googlecode/concurrent-trees/concurrent-trees/2.6.1/concurrent-trees-2.6.1.jar to /app/.gradle-local/.tmp/gradle_download547534171426784138bin
Downloading https://maven.neoforged.net/releases/com/squareup/okio/okio-jvm/3.6.0/okio-jvm-3.6.0.jar to /app/.gradle-local/.tmp/gradle_download13354326645713401439bin
Downloading https://maven.neoforged.net/releases/org/tukaani/xz/1.9/xz-1.9.jar to /app/.gradle-local/.tmp/gradle_download14599570943409871710bin
Downloading https://maven.neoforged.net/releases/org/jetbrains/kotlin/kotlin-stdlib-jdk8/1.9.10/kotlin-stdlib-jdk8-1.9.10.jar to /app/.gradle-local/.tmp/gradle_download16255965066331457956bin
Downloading https://maven.neoforged.net/releases/org/jetbrains/kotlin/kotlin-stdlib-jdk7/1.9.10/kotlin-stdlib-jdk7-1.9.10.jar to /app/.gradle-local/.tmp/gradle_download16597268110606062461bin
Downloading https://maven.neoforged.net/releases/com/diffplug/durian/durian-swt.os/4.2.2/durian-swt.os-4.2.2.jar to /app/.gradle-local/.tmp/gradle_download12886731547502593422bin
Downloading https://maven.neoforged.net/releases/org/jetbrains/annotations/13.0/annotations-13.0.jar to /app/.gradle-local/.tmp/gradle_download14590256862198046264bin
Downloading https://maven.neoforged.net/releases/org/eclipse/platform/org.eclipse.osgi/3.18.300/org.eclipse.osgi-3.18.300.jar to /app/.gradle-local/.tmp/gradle_download17209878559335109350bin
Downloading https://maven.neoforged.net/releases/org/jetbrains/kotlin/kotlin-stdlib-common/1.9.10/kotlin-stdlib-common-1.9.10.jar to /app/.gradle-local/.tmp/gradle_download7690567437908724805bin
Downloading https://maven.neoforged.net/releases/org/jetbrains/kotlin/kotlin-stdlib/1.9.10/kotlin-stdlib-1.9.10.jar to /app/.gradle-local/.tmp/gradle_download4417929618441906903bin
Transforming moddev-gradle-2.0.74.jar (net.neoforged:moddev-gradle:2.0.74) with InstrumentationAnalysisTransform
Transforming spotless-plugin-gradle-6.25.0.jar (com.diffplug.spotless:spotless-plugin-gradle:6.25.0) with InstrumentationAnalysisTransform
Transforming gradle-idea-ext-1.1.9.jar (gradle.plugin.org.jetbrains.gradle.plugin.idea-ext:gradle-idea-ext:1.1.9) with InstrumentationAnalysisTransform
Caching disabled for InstrumentationAnalysisTransform: /app/.gradle-local/caches/modules-2/files-2.1/com.diffplug.spotless/spotless-plugin-gradle/6.25.0/837bfb4f743a2994c2b8d19872b4bd02fc2fe2b4/spotless-plugin-gradle-6.25.0.jar because:
  Build cache is disabled
  Caching not enabled.
Caching disabled for InstrumentationAnalysisTransform: /app/.gradle-local/caches/modules-2/files-2.1/net.neoforged/moddev-gradle/2.0.74/1a6b4af1a42ebe606640a4f54e0bd17c5649afb4/moddev-gradle-2.0.74.jar because:
  Build cache is disabled
  Caching not enabled.
Transforming durian-io-1.2.0.jar (com.diffplug.durian:durian-io:1.2.0) with InstrumentationAnalysisTransform
Transforming spotless-lib-extra-2.45.0.jar (com.diffplug.spotless:spotless-lib-extra:2.45.0) with InstrumentationAnalysisTransform
Caching disabled for InstrumentationAnalysisTransform: /app/.gradle-local/caches/modules-2/files-2.1/gradle.plugin.org.jetbrains.gradle.plugin.idea-ext/gradle-idea-ext/1.1.9/9d2149869b8d078281559e55eb3c8a7ce3005ede/gradle-idea-ext-1.1.9.jar because:
  Build cache is disabled
  Caching not enabled.
Transforming durian-collect-1.2.0.jar (com.diffplug.durian:durian-collect:1.2.0) with InstrumentationAnalysisTransform
Transforming durian-core-1.2.0.jar (com.diffplug.durian:durian-core:1.2.0) with InstrumentationAnalysisTransform
Transforming org.eclipse.jgit-6.7.0.202309050840-r.jar (org.eclipse.jgit:org.eclipse.jgit:6.7.0.202309050840-r) with InstrumentationAnalysisTransform
Transforming spotless-lib-2.45.0.jar (com.diffplug.spotless:spotless-lib:2.45.0) with InstrumentationAnalysisTransform
Transforming gson-2.10.1.jar (com.google.code.gson:gson:2.10.1) with InstrumentationAnalysisTransform
Transforming guava-28.2-jre.jar (com.google.guava:guava:28.2-jre) with InstrumentationAnalysisTransform
Transforming JavaEWAH-1.2.3.jar (com.googlecode.javaewah:JavaEWAH:1.2.3) with InstrumentationAnalysisTransform
Transforming solstice-1.7.5.jar (dev.equo.ide:solstice:1.7.5) with InstrumentationAnalysisTransform
Transforming slf4j-api-1.7.36.jar (org.slf4j:slf4j-api:1.7.36) with InstrumentationAnalysisTransform
Transforming commons-codec-1.16.0.jar (commons-codec:commons-codec:1.16.0) with InstrumentationAnalysisTransform
Transforming concurrent-trees-2.6.1.jar (com.googlecode.concurrent-trees:concurrent-trees:2.6.1) with InstrumentationAnalysisTransform
Transforming failureaccess-1.0.1.jar (com.google.guava:failureaccess:1.0.1) with InstrumentationAnalysisTransform
Transforming listenablefuture-9999.0-empty-to-avoid-conflict-with-guava.jar (com.google.guava:listenablefuture:9999.0-empty-to-avoid-conflict-with-guava) with InstrumentationAnalysisTransform
Transforming jsr305-3.0.2.jar (com.google.code.findbugs:jsr305:3.0.2) with InstrumentationAnalysisTransform
Transforming checker-qual-2.10.0.jar (org.checkerframework:checker-qual:2.10.0) with InstrumentationAnalysisTransform
Transforming error_prone_annotations-2.3.4.jar (com.google.errorprone:error_prone_annotations:2.3.4) with InstrumentationAnalysisTransform
Transforming j2objc-annotations-1.3.jar (com.google.j2objc:j2objc-annotations:1.3) with InstrumentationAnalysisTransform
Transforming xz-1.9.jar (org.tukaani:xz:1.9) with InstrumentationAnalysisTransform
Transforming okhttp-4.12.0.jar (com.squareup.okhttp3:okhttp:4.12.0) with InstrumentationAnalysisTransform
Transforming durian-swt.os-4.2.2.jar (com.diffplug.durian:durian-swt.os:4.2.2) with InstrumentationAnalysisTransform
Transforming org.eclipse.osgi-3.18.300.jar (org.eclipse.platform:org.eclipse.osgi:3.18.300) with InstrumentationAnalysisTransform
Transforming okio-jvm-3.6.0.jar (com.squareup.okio:okio-jvm:3.6.0) with InstrumentationAnalysisTransform
Transforming kotlin-stdlib-jdk8-1.9.10.jar (org.jetbrains.kotlin:kotlin-stdlib-jdk8:1.9.10) with InstrumentationAnalysisTransform
Transforming kotlin-stdlib-jdk7-1.9.10.jar (org.jetbrains.kotlin:kotlin-stdlib-jdk7:1.9.10) with InstrumentationAnalysisTransform
Transforming kotlin-stdlib-1.9.10.jar (org.jetbrains.kotlin:kotlin-stdlib:1.9.10) with InstrumentationAnalysisTransform
Transforming kotlin-stdlib-common-1.9.10.jar (org.jetbrains.kotlin:kotlin-stdlib-common:1.9.10) with InstrumentationAnalysisTransform
Transforming annotations-13.0.jar (org.jetbrains:annotations:13.0) with InstrumentationAnalysisTransform
Caching disabled for InstrumentationAnalysisTransform: /app/.gradle-local/caches/modules-2/files-2.1/com.diffplug.spotless/spotless-lib-extra/2.45.0/3d98a914d2692f17ea47eae82fbac8a1b7b30640/spotless-lib-extra-2.45.0.jar because:
  Build cache is disabled
  Caching not enabled.
Caching disabled for InstrumentationAnalysisTransform: /app/.gradle-local/caches/modules-2/files-2.1/com.diffplug.durian/durian-io/1.2.0/fc9c103d454d04f7c5b78b437190ea3bd15fb72c/durian-io-1.2.0.jar because:
  Build cache is disabled
  Caching not enabled.
Caching disabled for InstrumentationAnalysisTransform: /app/.gradle-local/caches/modules-2/files-2.1/com.diffplug.durian/durian-collect/1.2.0/eee2085a0f894527ac841b05b442656115e2877c/durian-collect-1.2.0.jar because:
  Build cache is disabled
  Caching not enabled.
Caching disabled for InstrumentationAnalysisTransform: /app/.gradle-local/caches/modules-2/files-2.1/com.diffplug.durian/durian-core/1.2.0/ddf0b08f6dccae07bcb993645a7634cbe8f9b2f8/durian-core-1.2.0.jar because:
  Build cache is disabled
  Caching not enabled.
Caching disabled for InstrumentationAnalysisTransform: /app/.gradle-local/caches/modules-2/files-2.1/org.eclipse.jgit/org.eclipse.jgit/6.7.0.202309050840-r/30599f446abe09ab51cfe24d3433170f2599f9cc/org.eclipse.jgit-6.7.0.202309050840-r.jar because:
  Build cache is disabled
  Caching not enabled.
Caching disabled for InstrumentationAnalysisTransform: /app/.gradle-local/caches/modules-2/files-2.1/com.diffplug.spotless/spotless-lib/2.45.0/f9cecbff339dd2bc147b9f49e4ebf290d1dbfae1/spotless-lib-2.45.0.jar because:
  Build cache is disabled
  Caching not enabled.
Caching disabled for InstrumentationAnalysisTransform: /app/.gradle-local/caches/modules-2/files-2.1/com.google.code.gson/gson/2.10.1/b3add478d4382b78ea20b1671390a858002feb6c/gson-2.10.1.jar because:
  Build cache is disabled
  Caching not enabled.
Caching disabled for InstrumentationAnalysisTransform: /app/.gradle-local/caches/modules-2/files-2.1/com.google.guava/guava/28.2-jre/8ec9ed76528425762174f0011ce8f74ad845b756/guava-28.2-jre.jar because:
  Build cache is disabled
  Caching not enabled.
Caching disabled for InstrumentationAnalysisTransform: /app/.gradle-local/caches/modules-2/files-2.1/com.googlecode.javaewah/JavaEWAH/1.2.3/13a27c856e0c8808cee9a64032c58eee11c3adc9/JavaEWAH-1.2.3.jar because:
  Build cache is disabled
  Caching not enabled.
Caching disabled for InstrumentationAnalysisTransform: /app/.gradle-local/caches/modules-2/files-2.1/dev.equo.ide/solstice/1.7.5/2e1cb3018d544c836124ae08b6ee10a202d7c42f/solstice-1.7.5.jar because:
  Build cache is disabled
  Caching not enabled.
Caching disabled for InstrumentationAnalysisTransform: /app/.gradle-local/caches/modules-2/files-2.1/org.slf4j/slf4j-api/1.7.36/6c62681a2f655b49963a5983b8b0950a6120ae14/slf4j-api-1.7.36.jar because:
  Build cache is disabled
  Caching not enabled.
Caching disabled for InstrumentationAnalysisTransform: /app/.gradle-local/caches/modules-2/files-2.1/commons-codec/commons-codec/1.16.0/4e3eb3d79888d76b54e28b350915b5dc3919c9de/commons-codec-1.16.0.jar because:
  Build cache is disabled
  Caching not enabled.
Caching disabled for InstrumentationAnalysisTransform: /app/.gradle-local/caches/modules-2/files-2.1/com.googlecode.concurrent-trees/concurrent-trees/2.6.1/9b647240522ab67c003de9b6702ca81ac0c15efc/concurrent-trees-2.6.1.jar because:
  Build cache is disabled
  Caching not enabled.
Caching disabled for InstrumentationAnalysisTransform: /app/.gradle-local/caches/modules-2/files-2.1/com.google.guava/failureaccess/1.0.1/1dcf1de382a0bf95a3d8b0849546c88bac1292c9/failureaccess-1.0.1.jar because:
  Build cache is disabled
  Caching not enabled.
Caching disabled for InstrumentationAnalysisTransform: /app/.gradle-local/caches/modules-2/files-2.1/com.google.guava/listenablefuture/9999.0-empty-to-avoid-conflict-with-guava/b421526c5f297295adef1c886e5246c39d4ac629/listenablefuture-9999.0-empty-to-avoid-conflict-with-guava.jar because:
  Build cache is disabled
  Caching not enabled.
Caching disabled for InstrumentationAnalysisTransform: /app/.gradle-local/caches/modules-2/files-2.1/com.google.code.findbugs/jsr305/3.0.2/25ea2e8b0c338a877313bd4672d3fe056ea78f0d/jsr305-3.0.2.jar because:
  Build cache is disabled
  Caching not enabled.
Caching disabled for InstrumentationAnalysisTransform: /app/.gradle-local/caches/modules-2/files-2.1/org.checkerframework/checker-qual/2.10.0/5786699a0cb71f9dc32e6cca1d665eef07a0882f/checker-qual-2.10.0.jar because:
  Build cache is disabled
  Caching not enabled.
Caching disabled for InstrumentationAnalysisTransform: /app/.gradle-local/caches/modules-2/files-2.1/com.google.errorprone/error_prone_annotations/2.3.4/dac170e4594de319655ffb62f41cbd6dbb5e601e/error_prone_annotations-2.3.4.jar because:
  Build cache is disabled
  Caching not enabled.
Caching disabled for InstrumentationAnalysisTransform: /app/.gradle-local/caches/modules-2/files-2.1/com.google.j2objc/j2objc-annotations/1.3/ba035118bc8bac37d7eff77700720999acd9986d/j2objc-annotations-1.3.jar because:
  Build cache is disabled
  Caching not enabled.
Caching disabled for InstrumentationAnalysisTransform: /app/.gradle-local/caches/modules-2/files-2.1/org.tukaani/xz/1.9/1ea4bec1a921180164852c65006d928617bd2caf/xz-1.9.jar because:
  Build cache is disabled
  Caching not enabled.
Caching disabled for InstrumentationAnalysisTransform: /app/.gradle-local/caches/modules-2/files-2.1/com.squareup.okhttp3/okhttp/4.12.0/2f4525d4a200e97e1b87449c2cd9bd2e25b7e8cd/okhttp-4.12.0.jar because:
  Build cache is disabled
  Caching not enabled.
Caching disabled for InstrumentationAnalysisTransform: /app/.gradle-local/caches/modules-2/files-2.1/com.diffplug.durian/durian-swt.os/4.2.2/83b9864895816fa52d1970036a5213661eb4d525/durian-swt.os-4.2.2.jar because:
  Build cache is disabled
  Caching not enabled.
Caching disabled for InstrumentationAnalysisTransform: /app/.gradle-local/caches/modules-2/files-2.1/org.eclipse.platform/org.eclipse.osgi/3.18.300/d191ad32e0a3d04b0ae3686c523ff7a1518abafe/org.eclipse.osgi-3.18.300.jar because:
  Build cache is disabled
  Caching not enabled.
Caching disabled for InstrumentationAnalysisTransform: /app/.gradle-local/caches/modules-2/files-2.1/com.squareup.okio/okio-jvm/3.6.0/5600569133b7bdefe1daf9ec7f4abeb6d13e1786/okio-jvm-3.6.0.jar because:
  Build cache is disabled
  Caching not enabled.
Caching disabled for InstrumentationAnalysisTransform: /app/.gradle-local/caches/modules-2/files-2.1/org.jetbrains.kotlin/kotlin-stdlib-jdk8/1.9.10/c7510d64a83411a649c76f2778304ddf71d7437b/kotlin-stdlib-jdk8-1.9.10.jar because:
  Build cache is disabled
  Caching not enabled.
Caching disabled for InstrumentationAnalysisTransform: /app/.gradle-local/caches/modules-2/files-2.1/org.jetbrains.kotlin/kotlin-stdlib-jdk7/1.9.10/bc5bfc2690338defd5195b05c57562f2194eeb10/kotlin-stdlib-jdk7-1.9.10.jar because:
  Build cache is disabled
  Caching not enabled.
Caching disabled for InstrumentationAnalysisTransform: /app/.gradle-local/caches/modules-2/files-2.1/org.jetbrains.kotlin/kotlin-stdlib/1.9.10/72812e8a368917ab5c0a5081b56915ffdfec93b7/kotlin-stdlib-1.9.10.jar because:
  Build cache is disabled
  Caching not enabled.
Caching disabled for InstrumentationAnalysisTransform: /app/.gradle-local/caches/modules-2/files-2.1/org.jetbrains.kotlin/kotlin-stdlib-common/1.9.10/dafaf2c27f27c09220cee312df10917d9a5d97ce/kotlin-stdlib-common-1.9.10.jar because:
  Build cache is disabled
  Caching not enabled.
Caching disabled for InstrumentationAnalysisTransform: /app/.gradle-local/caches/modules-2/files-2.1/org.jetbrains/annotations/13.0/919f0dfe192fb4e063e7dacadee7f8bb9a2672a9/annotations-13.0.jar because:
  Build cache is disabled
  Caching not enabled.
Transforming moddev-gradle-2.0.74.jar (net.neoforged:moddev-gradle:2.0.74) with InstrumentationAnalysisTransform
Transforming moddev-gradle-2.0.74.jar (net.neoforged:moddev-gradle:2.0.74) with MergeInstrumentationAnalysisTransform
Transforming spotless-plugin-gradle-6.25.0.jar (com.diffplug.spotless:spotless-plugin-gradle:6.25.0) with InstrumentationAnalysisTransform
Transforming spotless-plugin-gradle-6.25.0.jar (com.diffplug.spotless:spotless-plugin-gradle:6.25.0) with MergeInstrumentationAnalysisTransform
Transforming gradle-idea-ext-1.1.9.jar (gradle.plugin.org.jetbrains.gradle.plugin.idea-ext:gradle-idea-ext:1.1.9) with InstrumentationAnalysisTransform
Transforming gradle-idea-ext-1.1.9.jar (gradle.plugin.org.jetbrains.gradle.plugin.idea-ext:gradle-idea-ext:1.1.9) with MergeInstrumentationAnalysisTransform
Transforming durian-io-1.2.0.jar (com.diffplug.durian:durian-io:1.2.0) with InstrumentationAnalysisTransform
Transforming durian-io-1.2.0.jar (com.diffplug.durian:durian-io:1.2.0) with MergeInstrumentationAnalysisTransform
Transforming spotless-lib-extra-2.45.0.jar (com.diffplug.spotless:spotless-lib-extra:2.45.0) with InstrumentationAnalysisTransform
Transforming spotless-lib-extra-2.45.0.jar (com.diffplug.spotless:spotless-lib-extra:2.45.0) with MergeInstrumentationAnalysisTransform
Transforming durian-collect-1.2.0.jar (com.diffplug.durian:durian-collect:1.2.0) with InstrumentationAnalysisTransform
Transforming durian-collect-1.2.0.jar (com.diffplug.durian:durian-collect:1.2.0) with MergeInstrumentationAnalysisTransform
Transforming durian-core-1.2.0.jar (com.diffplug.durian:durian-core:1.2.0) with InstrumentationAnalysisTransform
Transforming durian-core-1.2.0.jar (com.diffplug.durian:durian-core:1.2.0) with MergeInstrumentationAnalysisTransform
Transforming org.eclipse.jgit-6.7.0.202309050840-r.jar (org.eclipse.jgit:org.eclipse.jgit:6.7.0.202309050840-r) with InstrumentationAnalysisTransform
Transforming org.eclipse.jgit-6.7.0.202309050840-r.jar (org.eclipse.jgit:org.eclipse.jgit:6.7.0.202309050840-r) with MergeInstrumentationAnalysisTransform
Transforming spotless-lib-2.45.0.jar (com.diffplug.spotless:spotless-lib:2.45.0) with InstrumentationAnalysisTransform
Transforming spotless-lib-2.45.0.jar (com.diffplug.spotless:spotless-lib:2.45.0) with MergeInstrumentationAnalysisTransform
Transforming gson-2.10.1.jar (com.google.code.gson:gson:2.10.1) with InstrumentationAnalysisTransform
Transforming gson-2.10.1.jar (com.google.code.gson:gson:2.10.1) with MergeInstrumentationAnalysisTransform
Transforming guava-28.2-jre.jar (com.google.guava:guava:28.2-jre) with InstrumentationAnalysisTransform
Transforming guava-28.2-jre.jar (com.google.guava:guava:28.2-jre) with MergeInstrumentationAnalysisTransform
Transforming JavaEWAH-1.2.3.jar (com.googlecode.javaewah:JavaEWAH:1.2.3) with InstrumentationAnalysisTransform
Transforming JavaEWAH-1.2.3.jar (com.googlecode.javaewah:JavaEWAH:1.2.3) with MergeInstrumentationAnalysisTransform
Transforming solstice-1.7.5.jar (dev.equo.ide:solstice:1.7.5) with InstrumentationAnalysisTransform
Transforming solstice-1.7.5.jar (dev.equo.ide:solstice:1.7.5) with MergeInstrumentationAnalysisTransform
Transforming slf4j-api-1.7.36.jar (org.slf4j:slf4j-api:1.7.36) with InstrumentationAnalysisTransform
Transforming slf4j-api-1.7.36.jar (org.slf4j:slf4j-api:1.7.36) with MergeInstrumentationAnalysisTransform
Transforming commons-codec-1.16.0.jar (commons-codec:commons-codec:1.16.0) with InstrumentationAnalysisTransform
Transforming commons-codec-1.16.0.jar (commons-codec:commons-codec:1.16.0) with MergeInstrumentationAnalysisTransform
Transforming concurrent-trees-2.6.1.jar (com.googlecode.concurrent-trees:concurrent-trees:2.6.1) with InstrumentationAnalysisTransform
Transforming concurrent-trees-2.6.1.jar (com.googlecode.concurrent-trees:concurrent-trees:2.6.1) with MergeInstrumentationAnalysisTransform
Transforming failureaccess-1.0.1.jar (com.google.guava:failureaccess:1.0.1) with InstrumentationAnalysisTransform
Transforming failureaccess-1.0.1.jar (com.google.guava:failureaccess:1.0.1) with MergeInstrumentationAnalysisTransform
Transforming listenablefuture-9999.0-empty-to-avoid-conflict-with-guava.jar (com.google.guava:listenablefuture:9999.0-empty-to-avoid-conflict-with-guava) with InstrumentationAnalysisTransform
Transforming listenablefuture-9999.0-empty-to-avoid-conflict-with-guava.jar (com.google.guava:listenablefuture:9999.0-empty-to-avoid-conflict-with-guava) with MergeInstrumentationAnalysisTransform
Transforming jsr305-3.0.2.jar (com.google.code.findbugs:jsr305:3.0.2) with InstrumentationAnalysisTransform
Transforming jsr305-3.0.2.jar (com.google.code.findbugs:jsr305:3.0.2) with MergeInstrumentationAnalysisTransform
Transforming checker-qual-2.10.0.jar (org.checkerframework:checker-qual:2.10.0) with InstrumentationAnalysisTransform
Transforming checker-qual-2.10.0.jar (org.checkerframework:checker-qual:2.10.0) with MergeInstrumentationAnalysisTransform
Transforming error_prone_annotations-2.3.4.jar (com.google.errorprone:error_prone_annotations:2.3.4) with InstrumentationAnalysisTransform
Transforming error_prone_annotations-2.3.4.jar (com.google.errorprone:error_prone_annotations:2.3.4) with MergeInstrumentationAnalysisTransform
Transforming j2objc-annotations-1.3.jar (com.google.j2objc:j2objc-annotations:1.3) with InstrumentationAnalysisTransform
Caching disabled for MergeInstrumentationAnalysisTransform: /app/.gradle-local/caches/8.8/transforms/842494b6c50437bb1f6d21c2c4257299/transformed/.gradle-instrumented-classpath.marker because:
  Build cache is disabled
  Caching not enabled.
Transforming j2objc-annotations-1.3.jar (com.google.j2objc:j2objc-annotations:1.3) with MergeInstrumentationAnalysisTransform
Transforming xz-1.9.jar (org.tukaani:xz:1.9) with InstrumentationAnalysisTransform
Transforming xz-1.9.jar (org.tukaani:xz:1.9) with MergeInstrumentationAnalysisTransform
Transforming okhttp-4.12.0.jar (com.squareup.okhttp3:okhttp:4.12.0) with InstrumentationAnalysisTransform
Transforming okhttp-4.12.0.jar (com.squareup.okhttp3:okhttp:4.12.0) with MergeInstrumentationAnalysisTransform
Transforming durian-swt.os-4.2.2.jar (com.diffplug.durian:durian-swt.os:4.2.2) with InstrumentationAnalysisTransform
Transforming durian-swt.os-4.2.2.jar (com.diffplug.durian:durian-swt.os:4.2.2) with MergeInstrumentationAnalysisTransform
Transforming org.eclipse.osgi-3.18.300.jar (org.eclipse.platform:org.eclipse.osgi:3.18.300) with InstrumentationAnalysisTransform
Transforming org.eclipse.osgi-3.18.300.jar (org.eclipse.platform:org.eclipse.osgi:3.18.300) with MergeInstrumentationAnalysisTransform
Transforming okio-jvm-3.6.0.jar (com.squareup.okio:okio-jvm:3.6.0) with InstrumentationAnalysisTransform
Transforming okio-jvm-3.6.0.jar (com.squareup.okio:okio-jvm:3.6.0) with MergeInstrumentationAnalysisTransform
Transforming kotlin-stdlib-jdk8-1.9.10.jar (org.jetbrains.kotlin:kotlin-stdlib-jdk8:1.9.10) with InstrumentationAnalysisTransform
Transforming kotlin-stdlib-jdk8-1.9.10.jar (org.jetbrains.kotlin:kotlin-stdlib-jdk8:1.9.10) with MergeInstrumentationAnalysisTransform
Transforming kotlin-stdlib-jdk7-1.9.10.jar (org.jetbrains.kotlin:kotlin-stdlib-jdk7:1.9.10) with InstrumentationAnalysisTransform
Transforming kotlin-stdlib-jdk7-1.9.10.jar (org.jetbrains.kotlin:kotlin-stdlib-jdk7:1.9.10) with MergeInstrumentationAnalysisTransform
Transforming kotlin-stdlib-1.9.10.jar (org.jetbrains.kotlin:kotlin-stdlib:1.9.10) with InstrumentationAnalysisTransform
Transforming kotlin-stdlib-1.9.10.jar (org.jetbrains.kotlin:kotlin-stdlib:1.9.10) with MergeInstrumentationAnalysisTransform
Transforming kotlin-stdlib-common-1.9.10.jar (org.jetbrains.kotlin:kotlin-stdlib-common:1.9.10) with InstrumentationAnalysisTransform
Transforming kotlin-stdlib-common-1.9.10.jar (org.jetbrains.kotlin:kotlin-stdlib-common:1.9.10) with MergeInstrumentationAnalysisTransform
Transforming annotations-13.0.jar (org.jetbrains:annotations:13.0) with InstrumentationAnalysisTransform
Transforming annotations-13.0.jar (org.jetbrains:annotations:13.0) with MergeInstrumentationAnalysisTransform
Caching disabled for MergeInstrumentationAnalysisTransform: /app/.gradle-local/caches/8.8/transforms/38cc34a5b317700884e7433cdbc33494/transformed/analysis/instrumentation-hierarchy.bin because:
  Build cache is disabled
  Caching not enabled.
Caching disabled for MergeInstrumentationAnalysisTransform: /app/.gradle-local/caches/8.8/transforms/842494b6c50437bb1f6d21c2c4257299/transformed/analysis/instrumentation-hierarchy.bin because:
  Build cache is disabled
  Caching not enabled.
Caching disabled for MergeInstrumentationAnalysisTransform: /app/.gradle-local/caches/8.8/transforms/6a6d1d8729bf802d24fbf4f3a0a11fdb/transformed/analysis/instrumentation-hierarchy.bin because:
  Build cache is disabled
  Caching not enabled.
Caching disabled for MergeInstrumentationAnalysisTransform: /app/.gradle-local/caches/8.8/transforms/b7bde77e289448a5e61880548d4735f4/transformed/analysis/instrumentation-hierarchy.bin because:
  Build cache is disabled
  Caching not enabled.
Caching disabled for MergeInstrumentationAnalysisTransform: /app/.gradle-local/caches/8.8/transforms/b7bde77e289448a5e61880548d4735f4/transformed/analysis/instrumentation-dependencies.bin because:
  Build cache is disabled
  Caching not enabled.
Caching disabled for MergeInstrumentationAnalysisTransform: /app/.gradle-local/caches/8.8/transforms/6a6d1d8729bf802d24fbf4f3a0a11fdb/transformed/analysis/instrumentation-dependencies.bin because:
  Build cache is disabled
  Caching not enabled.
Caching disabled for MergeInstrumentationAnalysisTransform: /app/.gradle-local/caches/8.8/transforms/38cc34a5b317700884e7433cdbc33494/transformed/analysis/instrumentation-dependencies.bin because:
  Build cache is disabled
  Caching not enabled.
Caching disabled for MergeInstrumentationAnalysisTransform: /app/.gradle-local/caches/8.8/transforms/842494b6c50437bb1f6d21c2c4257299/transformed/analysis/instrumentation-dependencies.bin because:
  Build cache is disabled
  Caching not enabled.
Caching disabled for MergeInstrumentationAnalysisTransform: /app/.gradle-local/caches/modules-2/files-2.1/gradle.plugin.org.jetbrains.gradle.plugin.idea-ext/gradle-idea-ext/1.1.9/9d2149869b8d078281559e55eb3c8a7ce3005ede/gradle-idea-ext-1.1.9.jar because:
  Build cache is disabled
  Caching not enabled.
Caching disabled for MergeInstrumentationAnalysisTransform: /app/.gradle-local/caches/modules-2/files-2.1/com.diffplug.durian/durian-io/1.2.0/fc9c103d454d04f7c5b78b437190ea3bd15fb72c/durian-io-1.2.0.jar because:
  Build cache is disabled
  Caching not enabled.
Caching disabled for MergeInstrumentationAnalysisTransform: /app/.gradle-local/caches/modules-2/files-2.1/net.neoforged/moddev-gradle/2.0.74/1a6b4af1a42ebe606640a4f54e0bd17c5649afb4/moddev-gradle-2.0.74.jar because:
  Build cache is disabled
  Caching not enabled.
Transforming durian-io-1.2.0.jar (com.diffplug.durian:durian-io:1.2.0) with ExternalDependencyInstrumentingArtifactTransform
Caching disabled for ExternalDependencyInstrumentingArtifactTransform: /app/.gradle-local/caches/8.8/transforms/b5f6c9a052799a1b7410dbac4e66bb6f/transformed/.gradle-instrumented-classpath.marker because:
  Build cache is disabled
  Caching not enabled.
Transforming gradle-idea-ext-1.1.9.jar (gradle.plugin.org.jetbrains.gradle.plugin.idea-ext:gradle-idea-ext:1.1.9) with ExternalDependencyInstrumentingArtifactTransform
Caching disabled for MergeInstrumentationAnalysisTransform: /app/.gradle-local/caches/modules-2/files-2.1/com.diffplug.spotless/spotless-plugin-gradle/6.25.0/837bfb4f743a2994c2b8d19872b4bd02fc2fe2b4/spotless-plugin-gradle-6.25.0.jar because:
  Build cache is disabled
  Caching not enabled.
Transforming moddev-gradle-2.0.74.jar (net.neoforged:moddev-gradle:2.0.74) with ExternalDependencyInstrumentingArtifactTransform
Transforming spotless-plugin-gradle-6.25.0.jar (com.diffplug.spotless:spotless-plugin-gradle:6.25.0) with ExternalDependencyInstrumentingArtifactTransform
Caching disabled for ExternalDependencyInstrumentingArtifactTransform: /app/.gradle-local/caches/8.8/transforms/c296d7efb581fec652ab67793b5a94c1/transformed/merge/instrumentation-dependencies.bin because:
  Build cache is disabled
  Caching not enabled.
Caching disabled for ExternalDependencyInstrumentingArtifactTransform: /app/.gradle-local/caches/8.8/transforms/b5f6c9a052799a1b7410dbac4e66bb6f/transformed/merge/instrumentation-dependencies.bin because:
  Build cache is disabled
  Caching not enabled.
Caching disabled for ExternalDependencyInstrumentingArtifactTransform: /app/.gradle-local/caches/8.8/transforms/3a04195667ce78ac56b55d1149a1eeec/transformed/merge/instrumentation-dependencies.bin because:
  Build cache is disabled
  Caching not enabled.
Caching disabled for ExternalDependencyInstrumentingArtifactTransform: /app/.gradle-local/caches/8.8/transforms/bf6cfa43cb1e497f84662eb74dba31ec/transformed/merge/instrumentation-dependencies.bin because:
  Build cache is disabled
  Caching not enabled.
Caching disabled for ExternalDependencyInstrumentingArtifactTransform: /app/.gradle-local/caches/modules-2/files-2.1/com.diffplug.spotless/spotless-plugin-gradle/6.25.0/837bfb4f743a2994c2b8d19872b4bd02fc2fe2b4/spotless-plugin-gradle-6.25.0.jar because:
  Build cache is disabled
  Caching not enabled.
Caching disabled for ExternalDependencyInstrumentingArtifactTransform: /app/.gradle-local/caches/modules-2/files-2.1/com.diffplug.durian/durian-io/1.2.0/fc9c103d454d04f7c5b78b437190ea3bd15fb72c/durian-io-1.2.0.jar because:
  Build cache is disabled
  Caching not enabled.
Caching disabled for MergeInstrumentationAnalysisTransform: /app/.gradle-local/caches/8.8/transforms/d168a3b8c7e394a0e3808aaf8b0da256/transformed/analysis/instrumentation-hierarchy.bin because:
  Build cache is disabled
  Caching not enabled.
Caching disabled for MergeInstrumentationAnalysisTransform: /app/.gradle-local/caches/8.8/transforms/33f4e7fbb98f3b2e3bd78c89b273aaa2/transformed/analysis/instrumentation-hierarchy.bin because:
  Build cache is disabled
  Caching not enabled.
Caching disabled for MergeInstrumentationAnalysisTransform: /app/.gradle-local/caches/8.8/transforms/33f4e7fbb98f3b2e3bd78c89b273aaa2/transformed/analysis/instrumentation-dependencies.bin because:
  Build cache is disabled
  Caching not enabled.
Caching disabled for MergeInstrumentationAnalysisTransform: /app/.gradle-local/caches/8.8/transforms/d168a3b8c7e394a0e3808aaf8b0da256/transformed/analysis/instrumentation-dependencies.bin because:
  Build cache is disabled
  Caching not enabled.
Caching disabled for MergeInstrumentationAnalysisTransform: /app/.gradle-local/caches/modules-2/files-2.1/com.diffplug.durian/durian-collect/1.2.0/eee2085a0f894527ac841b05b442656115e2877c/durian-collect-1.2.0.jar because:
  Build cache is disabled
  Caching not enabled.
Caching disabled for MergeInstrumentationAnalysisTransform: /app/.gradle-local/caches/modules-2/files-2.1/com.diffplug.spotless/spotless-lib-extra/2.45.0/3d98a914d2692f17ea47eae82fbac8a1b7b30640/spotless-lib-extra-2.45.0.jar because:
  Build cache is disabled
  Caching not enabled.
Transforming durian-collect-1.2.0.jar (com.diffplug.durian:durian-collect:1.2.0) with ExternalDependencyInstrumentingArtifactTransform
Caching disabled for ExternalDependencyInstrumentingArtifactTransform: /app/.gradle-local/caches/8.8/transforms/3f86a6be7f81da57e89aa3c6ccbb1029/transformed/merge/instrumentation-dependencies.bin because:
  Build cache is disabled
  Caching not enabled.
Transforming spotless-lib-extra-2.45.0.jar (com.diffplug.spotless:spotless-lib-extra:2.45.0) with ExternalDependencyInstrumentingArtifactTransform
Caching disabled for ExternalDependencyInstrumentingArtifactTransform: /app/.gradle-local/caches/8.8/transforms/bf01cadb7f43ba9c89b846f8251c6f62/transformed/merge/instrumentation-dependencies.bin because:
  Build cache is disabled
  Caching not enabled.
Caching disabled for ExternalDependencyInstrumentingArtifactTransform: /app/.gradle-local/caches/modules-2/files-2.1/gradle.plugin.org.jetbrains.gradle.plugin.idea-ext/gradle-idea-ext/1.1.9/9d2149869b8d078281559e55eb3c8a7ce3005ede/gradle-idea-ext-1.1.9.jar because:
  Build cache is disabled
  Caching not enabled.
Caching disabled for MergeInstrumentationAnalysisTransform: /app/.gradle-local/caches/8.8/transforms/f71673453a11ff4bae369f89df384a05/transformed/analysis/instrumentation-hierarchy.bin because:
  Build cache is disabled
  Caching not enabled.
Caching disabled for MergeInstrumentationAnalysisTransform: /app/.gradle-local/caches/8.8/transforms/f71673453a11ff4bae369f89df384a05/transformed/analysis/instrumentation-dependencies.bin because:
  Build cache is disabled
  Caching not enabled.
Caching disabled for MergeInstrumentationAnalysisTransform: /app/.gradle-local/caches/modules-2/files-2.1/com.diffplug.durian/durian-core/1.2.0/ddf0b08f6dccae07bcb993645a7634cbe8f9b2f8/durian-core-1.2.0.jar because:
  Build cache is disabled
  Caching not enabled.
Transforming durian-core-1.2.0.jar (com.diffplug.durian:durian-core:1.2.0) with ExternalDependencyInstrumentingArtifactTransform
Caching disabled for ExternalDependencyInstrumentingArtifactTransform: /app/.gradle-local/caches/8.8/transforms/cae92e39569456ffa844485d2989c876/transformed/merge/instrumentation-dependencies.bin because:
  Build cache is disabled
  Caching not enabled.
Caching disabled for ExternalDependencyInstrumentingArtifactTransform: /app/.gradle-local/caches/modules-2/files-2.1/com.diffplug.spotless/spotless-lib-extra/2.45.0/3d98a914d2692f17ea47eae82fbac8a1b7b30640/spotless-lib-extra-2.45.0.jar because:
  Build cache is disabled
  Caching not enabled.
Caching disabled for MergeInstrumentationAnalysisTransform: /app/.gradle-local/caches/8.8/transforms/098624d913e2e418dd84f05a81b1f725/transformed/analysis/instrumentation-hierarchy.bin because:
  Build cache is disabled
  Caching not enabled.
Caching disabled for MergeInstrumentationAnalysisTransform: /app/.gradle-local/caches/8.8/transforms/098624d913e2e418dd84f05a81b1f725/transformed/analysis/instrumentation-dependencies.bin because:
  Build cache is disabled
  Caching not enabled.
Caching disabled for ExternalDependencyInstrumentingArtifactTransform: /app/.gradle-local/caches/modules-2/files-2.1/com.diffplug.durian/durian-core/1.2.0/ddf0b08f6dccae07bcb993645a7634cbe8f9b2f8/durian-core-1.2.0.jar because:
  Build cache is disabled
  Caching not enabled.
Caching disabled for MergeInstrumentationAnalysisTransform: /app/.gradle-local/caches/8.8/transforms/4cdd77c0f77efc0dac7cd8ff8f1955d2/transformed/analysis/instrumentation-hierarchy.bin because:
  Build cache is disabled
  Caching not enabled.
Caching disabled for MergeInstrumentationAnalysisTransform: /app/.gradle-local/caches/8.8/transforms/4cdd77c0f77efc0dac7cd8ff8f1955d2/transformed/analysis/instrumentation-dependencies.bin because:
  Build cache is disabled
  Caching not enabled.
Caching disabled for MergeInstrumentationAnalysisTransform: /app/.gradle-local/caches/modules-2/files-2.1/org.eclipse.jgit/org.eclipse.jgit/6.7.0.202309050840-r/30599f446abe09ab51cfe24d3433170f2599f9cc/org.eclipse.jgit-6.7.0.202309050840-r.jar because:
  Build cache is disabled
  Caching not enabled.
Transforming org.eclipse.jgit-6.7.0.202309050840-r.jar (org.eclipse.jgit:org.eclipse.jgit:6.7.0.202309050840-r) with ExternalDependencyInstrumentingArtifactTransform
Caching disabled for ExternalDependencyInstrumentingArtifactTransform: /app/.gradle-local/caches/8.8/transforms/9f341a6ceee8b9af02378820c686778f/transformed/merge/instrumentation-dependencies.bin because:
  Build cache is disabled
  Caching not enabled.
Caching disabled for MergeInstrumentationAnalysisTransform: /app/.gradle-local/caches/modules-2/files-2.1/com.diffplug.spotless/spotless-lib/2.45.0/f9cecbff339dd2bc147b9f49e4ebf290d1dbfae1/spotless-lib-2.45.0.jar because:
  Build cache is disabled
  Caching not enabled.
Transforming spotless-lib-2.45.0.jar (com.diffplug.spotless:spotless-lib:2.45.0) with ExternalDependencyInstrumentingArtifactTransform
Caching disabled for ExternalDependencyInstrumentingArtifactTransform: /app/.gradle-local/caches/8.8/transforms/f2398913b12572cfdf641451a7a1c18c/transformed/merge/instrumentation-dependencies.bin because:
  Build cache is disabled
  Caching not enabled.
Caching disabled for ExternalDependencyInstrumentingArtifactTransform: /app/.gradle-local/caches/modules-2/files-2.1/com.diffplug.durian/durian-collect/1.2.0/eee2085a0f894527ac841b05b442656115e2877c/durian-collect-1.2.0.jar because:
  Build cache is disabled
  Caching not enabled.
Caching disabled for MergeInstrumentationAnalysisTransform: /app/.gradle-local/caches/8.8/transforms/0ac450c47449a3740fa208892631fe68/transformed/analysis/instrumentation-hierarchy.bin because:
  Build cache is disabled
  Caching not enabled.
Caching disabled for MergeInstrumentationAnalysisTransform: /app/.gradle-local/caches/8.8/transforms/0ac450c47449a3740fa208892631fe68/transformed/analysis/instrumentation-dependencies.bin because:
  Build cache is disabled
  Caching not enabled.
Caching disabled for MergeInstrumentationAnalysisTransform: /app/.gradle-local/caches/modules-2/files-2.1/com.google.code.gson/gson/2.10.1/b3add478d4382b78ea20b1671390a858002feb6c/gson-2.10.1.jar because:
  Build cache is disabled
  Caching not enabled.
Transforming gson-2.10.1.jar (com.google.code.gson:gson:2.10.1) with ExternalDependencyInstrumentingArtifactTransform
Caching disabled for ExternalDependencyInstrumentingArtifactTransform: /app/.gradle-local/caches/8.8/transforms/c9c83665709641c749537435836b58cf/transformed/merge/instrumentation-dependencies.bin because:
  Build cache is disabled
  Caching not enabled.
Caching disabled for ExternalDependencyInstrumentingArtifactTransform: /app/.gradle-local/caches/modules-2/files-2.1/com.diffplug.spotless/spotless-lib/2.45.0/f9cecbff339dd2bc147b9f49e4ebf290d1dbfae1/spotless-lib-2.45.0.jar because:
  Build cache is disabled
  Caching not enabled.
Caching disabled for MergeInstrumentationAnalysisTransform: /app/.gradle-local/caches/8.8/transforms/34652d8452bec8ce3ab84e9bef8d6976/transformed/analysis/instrumentation-hierarchy.bin because:
  Build cache is disabled
  Caching not enabled.
Caching disabled for MergeInstrumentationAnalysisTransform: /app/.gradle-local/caches/8.8/transforms/34652d8452bec8ce3ab84e9bef8d6976/transformed/analysis/instrumentation-dependencies.bin because:
  Build cache is disabled
  Caching not enabled.
Caching disabled for MergeInstrumentationAnalysisTransform: /app/.gradle-local/caches/modules-2/files-2.1/com.google.guava/guava/28.2-jre/8ec9ed76528425762174f0011ce8f74ad845b756/guava-28.2-jre.jar because:
  Build cache is disabled
  Caching not enabled.
Transforming guava-28.2-jre.jar (com.google.guava:guava:28.2-jre) with ExternalDependencyInstrumentingArtifactTransform
Caching disabled for ExternalDependencyInstrumentingArtifactTransform: /app/.gradle-local/caches/8.8/transforms/37f43822254aa58d58cd0a3177f2b42a/transformed/merge/instrumentation-dependencies.bin because:
  Build cache is disabled
  Caching not enabled.
Caching disabled for ExternalDependencyInstrumentingArtifactTransform: /app/.gradle-local/caches/modules-2/files-2.1/net.neoforged/moddev-gradle/2.0.74/1a6b4af1a42ebe606640a4f54e0bd17c5649afb4/moddev-gradle-2.0.74.jar because:
  Build cache is disabled
  Caching not enabled.
Caching disabled for ExternalDependencyInstrumentingArtifactTransform: /app/.gradle-local/caches/modules-2/files-2.1/com.google.code.gson/gson/2.10.1/b3add478d4382b78ea20b1671390a858002feb6c/gson-2.10.1.jar because:
  Build cache is disabled
  Caching not enabled.
Caching disabled for MergeInstrumentationAnalysisTransform: /app/.gradle-local/caches/8.8/transforms/3e6bb91b3779b0e8e0d7efe9c9162e60/transformed/analysis/instrumentation-hierarchy.bin because:
  Build cache is disabled
  Caching not enabled.
Caching disabled for MergeInstrumentationAnalysisTransform: /app/.gradle-local/caches/8.8/transforms/db228e9c8a6081450b91c89f4478ac68/transformed/analysis/instrumentation-hierarchy.bin because:
  Build cache is disabled
  Caching not enabled.
Caching disabled for MergeInstrumentationAnalysisTransform: /app/.gradle-local/caches/8.8/transforms/3e6bb91b3779b0e8e0d7efe9c9162e60/transformed/analysis/instrumentation-dependencies.bin because:
  Build cache is disabled
  Caching not enabled.
Caching disabled for MergeInstrumentationAnalysisTransform: /app/.gradle-local/caches/8.8/transforms/db228e9c8a6081450b91c89f4478ac68/transformed/analysis/instrumentation-dependencies.bin because:
  Build cache is disabled
  Caching not enabled.
Caching disabled for MergeInstrumentationAnalysisTransform: /app/.gradle-local/caches/modules-2/files-2.1/com.googlecode.javaewah/JavaEWAH/1.2.3/13a27c856e0c8808cee9a64032c58eee11c3adc9/JavaEWAH-1.2.3.jar because:
  Build cache is disabled
  Caching not enabled.
Caching disabled for MergeInstrumentationAnalysisTransform: /app/.gradle-local/caches/modules-2/files-2.1/dev.equo.ide/solstice/1.7.5/2e1cb3018d544c836124ae08b6ee10a202d7c42f/solstice-1.7.5.jar because:
  Build cache is disabled
  Caching not enabled.
Transforming JavaEWAH-1.2.3.jar (com.googlecode.javaewah:JavaEWAH:1.2.3) with ExternalDependencyInstrumentingArtifactTransform
Caching disabled for ExternalDependencyInstrumentingArtifactTransform: /app/.gradle-local/caches/8.8/transforms/59042913eee537f8a3bdc4dca0006780/transformed/merge/instrumentation-dependencies.bin because:
  Build cache is disabled
  Caching not enabled.
Transforming solstice-1.7.5.jar (dev.equo.ide:solstice:1.7.5) with ExternalDependencyInstrumentingArtifactTransform
Caching disabled for ExternalDependencyInstrumentingArtifactTransform: /app/.gradle-local/caches/8.8/transforms/aa07a4ca570bba17362b93be477cca8f/transformed/merge/instrumentation-dependencies.bin because:
  Build cache is disabled
  Caching not enabled.
Caching disabled for ExternalDependencyInstrumentingArtifactTransform: /app/.gradle-local/caches/modules-2/files-2.1/com.googlecode.javaewah/JavaEWAH/1.2.3/13a27c856e0c8808cee9a64032c58eee11c3adc9/JavaEWAH-1.2.3.jar because:
  Build cache is disabled
  Caching not enabled.
Caching disabled for MergeInstrumentationAnalysisTransform: /app/.gradle-local/caches/8.8/transforms/092f1c122a61f5ba203c6435848ad140/transformed/analysis/instrumentation-hierarchy.bin because:
  Build cache is disabled
  Caching not enabled.
Caching disabled for ExternalDependencyInstrumentingArtifactTransform: /app/.gradle-local/caches/modules-2/files-2.1/dev.equo.ide/solstice/1.7.5/2e1cb3018d544c836124ae08b6ee10a202d7c42f/solstice-1.7.5.jar because:
  Build cache is disabled
  Caching not enabled.
Caching disabled for MergeInstrumentationAnalysisTransform: /app/.gradle-local/caches/8.8/transforms/092f1c122a61f5ba203c6435848ad140/transformed/analysis/instrumentation-dependencies.bin because:
  Build cache is disabled
  Caching not enabled.
Caching disabled for MergeInstrumentationAnalysisTransform: /app/.gradle-local/caches/8.8/transforms/dd95886f651e00fa2dadb6b06adce4c1/transformed/analysis/instrumentation-hierarchy.bin because:
  Build cache is disabled
  Caching not enabled.
Caching disabled for MergeInstrumentationAnalysisTransform: /app/.gradle-local/caches/modules-2/files-2.1/org.slf4j/slf4j-api/1.7.36/6c62681a2f655b49963a5983b8b0950a6120ae14/slf4j-api-1.7.36.jar because:
  Build cache is disabled
  Caching not enabled.
Caching disabled for MergeInstrumentationAnalysisTransform: /app/.gradle-local/caches/8.8/transforms/dd95886f651e00fa2dadb6b06adce4c1/transformed/analysis/instrumentation-dependencies.bin because:
  Build cache is disabled
  Caching not enabled.
Transforming slf4j-api-1.7.36.jar (org.slf4j:slf4j-api:1.7.36) with ExternalDependencyInstrumentingArtifactTransform
Caching disabled for ExternalDependencyInstrumentingArtifactTransform: /app/.gradle-local/caches/8.8/transforms/8ab31d74251fcfc912c7100e5ce760fc/transformed/merge/instrumentation-dependencies.bin because:
  Build cache is disabled
  Caching not enabled.
Caching disabled for MergeInstrumentationAnalysisTransform: /app/.gradle-local/caches/modules-2/files-2.1/commons-codec/commons-codec/1.16.0/4e3eb3d79888d76b54e28b350915b5dc3919c9de/commons-codec-1.16.0.jar because:
  Build cache is disabled
  Caching not enabled.
Transforming commons-codec-1.16.0.jar (commons-codec:commons-codec:1.16.0) with ExternalDependencyInstrumentingArtifactTransform
Caching disabled for ExternalDependencyInstrumentingArtifactTransform: /app/.gradle-local/caches/8.8/transforms/8228102d75c6e9d23b4a87e5dd2ed909/transformed/merge/instrumentation-dependencies.bin because:
  Build cache is disabled
  Caching not enabled.
Caching disabled for ExternalDependencyInstrumentingArtifactTransform: /app/.gradle-local/caches/modules-2/files-2.1/org.slf4j/slf4j-api/1.7.36/6c62681a2f655b49963a5983b8b0950a6120ae14/slf4j-api-1.7.36.jar because:
  Build cache is disabled
  Caching not enabled.
Caching disabled for MergeInstrumentationAnalysisTransform: /app/.gradle-local/caches/8.8/transforms/e52d1c129dd48da7764b3cd55a78faba/transformed/analysis/instrumentation-hierarchy.bin because:
  Build cache is disabled
  Caching not enabled.
Caching disabled for MergeInstrumentationAnalysisTransform: /app/.gradle-local/caches/8.8/transforms/e52d1c129dd48da7764b3cd55a78faba/transformed/analysis/instrumentation-dependencies.bin because:
  Build cache is disabled
  Caching not enabled.
Caching disabled for MergeInstrumentationAnalysisTransform: /app/.gradle-local/caches/modules-2/files-2.1/com.googlecode.concurrent-trees/concurrent-trees/2.6.1/9b647240522ab67c003de9b6702ca81ac0c15efc/concurrent-trees-2.6.1.jar because:
  Build cache is disabled
  Caching not enabled.
Transforming concurrent-trees-2.6.1.jar (com.googlecode.concurrent-trees:concurrent-trees:2.6.1) with ExternalDependencyInstrumentingArtifactTransform
Caching disabled for ExternalDependencyInstrumentingArtifactTransform: /app/.gradle-local/caches/8.8/transforms/245e868b2ebc32e7e99daee487d5c339/transformed/merge/instrumentation-dependencies.bin because:
  Build cache is disabled
  Caching not enabled.
Caching disabled for ExternalDependencyInstrumentingArtifactTransform: /app/.gradle-local/caches/modules-2/files-2.1/com.googlecode.concurrent-trees/concurrent-trees/2.6.1/9b647240522ab67c003de9b6702ca81ac0c15efc/concurrent-trees-2.6.1.jar because:
  Build cache is disabled
  Caching not enabled.
Caching disabled for ExternalDependencyInstrumentingArtifactTransform: /app/.gradle-local/caches/modules-2/files-2.1/commons-codec/commons-codec/1.16.0/4e3eb3d79888d76b54e28b350915b5dc3919c9de/commons-codec-1.16.0.jar because:
  Build cache is disabled
  Caching not enabled.
Caching disabled for MergeInstrumentationAnalysisTransform: /app/.gradle-local/caches/8.8/transforms/1289b9e4d41fa0928ea45ea9090884bd/transformed/analysis/instrumentation-hierarchy.bin because:
  Build cache is disabled
  Caching not enabled.
Caching disabled for MergeInstrumentationAnalysisTransform: /app/.gradle-local/caches/8.8/transforms/1289b9e4d41fa0928ea45ea9090884bd/transformed/analysis/instrumentation-dependencies.bin because:
  Build cache is disabled
  Caching not enabled.
Caching disabled for MergeInstrumentationAnalysisTransform: /app/.gradle-local/caches/8.8/transforms/c0ac334939df11c6bb1165e2242b32c7/transformed/analysis/instrumentation-dependencies.bin because:
  Build cache is disabled
  Caching not enabled.
Caching disabled for MergeInstrumentationAnalysisTransform: /app/.gradle-local/caches/modules-2/files-2.1/com.google.guava/failureaccess/1.0.1/1dcf1de382a0bf95a3d8b0849546c88bac1292c9/failureaccess-1.0.1.jar because:
  Build cache is disabled
  Caching not enabled.
Caching disabled for MergeInstrumentationAnalysisTransform: /app/.gradle-local/caches/modules-2/files-2.1/com.google.guava/listenablefuture/9999.0-empty-to-avoid-conflict-with-guava/b421526c5f297295adef1c886e5246c39d4ac629/listenablefuture-9999.0-empty-to-avoid-conflict-with-guava.jar because:
  Build cache is disabled
  Caching not enabled.
Transforming failureaccess-1.0.1.jar (com.google.guava:failureaccess:1.0.1) with ExternalDependencyInstrumentingArtifactTransform
Transforming listenablefuture-9999.0-empty-to-avoid-conflict-with-guava.jar (com.google.guava:listenablefuture:9999.0-empty-to-avoid-conflict-with-guava) with ExternalDependencyInstrumentingArtifactTransform
Caching disabled for ExternalDependencyInstrumentingArtifactTransform: /app/.gradle-local/caches/8.8/transforms/8c01a2a60b077fc8b1ea962e7b2dbf35/transformed/merge/instrumentation-dependencies.bin because:
  Build cache is disabled
  Caching not enabled.
Caching disabled for ExternalDependencyInstrumentingArtifactTransform: /app/.gradle-local/caches/8.8/transforms/0293fd7b65427cd486a30877e60e08a5/transformed/merge/instrumentation-dependencies.bin because:
  Build cache is disabled
  Caching not enabled.
Caching disabled for ExternalDependencyInstrumentingArtifactTransform: /app/.gradle-local/caches/modules-2/files-2.1/com.google.guava/listenablefuture/9999.0-empty-to-avoid-conflict-with-guava/b421526c5f297295adef1c886e5246c39d4ac629/listenablefuture-9999.0-empty-to-avoid-conflict-with-guava.jar because:
  Build cache is disabled
  Caching not enabled.
Caching disabled for ExternalDependencyInstrumentingArtifactTransform: /app/.gradle-local/caches/modules-2/files-2.1/com.google.guava/failureaccess/1.0.1/1dcf1de382a0bf95a3d8b0849546c88bac1292c9/failureaccess-1.0.1.jar because:
  Build cache is disabled
  Caching not enabled.
Caching disabled for MergeInstrumentationAnalysisTransform: /app/.gradle-local/caches/8.8/transforms/7d50e0f2fc029aa7670240d2385cdd4e/transformed/analysis/instrumentation-hierarchy.bin because:
  Build cache is disabled
  Caching not enabled.
Caching disabled for MergeInstrumentationAnalysisTransform: /app/.gradle-local/caches/8.8/transforms/59ceda227f9b5c200c06795d52db5c93/transformed/analysis/instrumentation-hierarchy.bin because:
  Build cache is disabled
  Caching not enabled.
Caching disabled for MergeInstrumentationAnalysisTransform: /app/.gradle-local/caches/8.8/transforms/7d50e0f2fc029aa7670240d2385cdd4e/transformed/analysis/instrumentation-dependencies.bin because:
  Build cache is disabled
  Caching not enabled.
Caching disabled for MergeInstrumentationAnalysisTransform: /app/.gradle-local/caches/8.8/transforms/59ceda227f9b5c200c06795d52db5c93/transformed/analysis/instrumentation-dependencies.bin because:
  Build cache is disabled
  Caching not enabled.
Caching disabled for MergeInstrumentationAnalysisTransform: /app/.gradle-local/caches/modules-2/files-2.1/org.checkerframework/checker-qual/2.10.0/5786699a0cb71f9dc32e6cca1d665eef07a0882f/checker-qual-2.10.0.jar because:
  Build cache is disabled
  Caching not enabled.
Caching disabled for MergeInstrumentationAnalysisTransform: /app/.gradle-local/caches/modules-2/files-2.1/com.google.code.findbugs/jsr305/3.0.2/25ea2e8b0c338a877313bd4672d3fe056ea78f0d/jsr305-3.0.2.jar because:
  Build cache is disabled
  Caching not enabled.
Transforming checker-qual-2.10.0.jar (org.checkerframework:checker-qual:2.10.0) with ExternalDependencyInstrumentingArtifactTransform
Transforming jsr305-3.0.2.jar (com.google.code.findbugs:jsr305:3.0.2) with ExternalDependencyInstrumentingArtifactTransform
Caching disabled for ExternalDependencyInstrumentingArtifactTransform: /app/.gradle-local/caches/8.8/transforms/c8a1ec04faef0cf05cd3d3c9b23359e9/transformed/merge/instrumentation-dependencies.bin because:
  Build cache is disabled
  Caching not enabled.
Caching disabled for ExternalDependencyInstrumentingArtifactTransform: /app/.gradle-local/caches/8.8/transforms/85ea69a731c70e936fa3e03be4ecc0d0/transformed/merge/instrumentation-dependencies.bin because:
  Build cache is disabled
  Caching not enabled.
Caching disabled for ExternalDependencyInstrumentingArtifactTransform: /app/.gradle-local/caches/modules-2/files-2.1/com.google.code.findbugs/jsr305/3.0.2/25ea2e8b0c338a877313bd4672d3fe056ea78f0d/jsr305-3.0.2.jar because:
  Build cache is disabled
  Caching not enabled.
Caching disabled for MergeInstrumentationAnalysisTransform: /app/.gradle-local/caches/8.8/transforms/e0c8d39ad1989197e671a680d282f971/transformed/analysis/instrumentation-dependencies.bin because:
  Build cache is disabled
  Caching not enabled.
Caching disabled for MergeInstrumentationAnalysisTransform: /app/.gradle-local/caches/modules-2/files-2.1/com.google.errorprone/error_prone_annotations/2.3.4/dac170e4594de319655ffb62f41cbd6dbb5e601e/error_prone_annotations-2.3.4.jar because:
  Build cache is disabled
  Caching not enabled.
Transforming error_prone_annotations-2.3.4.jar (com.google.errorprone:error_prone_annotations:2.3.4) with ExternalDependencyInstrumentingArtifactTransform
Caching disabled for ExternalDependencyInstrumentingArtifactTransform: /app/.gradle-local/caches/8.8/transforms/037bb560c999395c2de3b8aaa1d86af2/transformed/merge/instrumentation-dependencies.bin because:
  Build cache is disabled
  Caching not enabled.
Caching disabled for ExternalDependencyInstrumentingArtifactTransform: /app/.gradle-local/caches/modules-2/files-2.1/org.checkerframework/checker-qual/2.10.0/5786699a0cb71f9dc32e6cca1d665eef07a0882f/checker-qual-2.10.0.jar because:
  Build cache is disabled
  Caching not enabled.
Caching disabled for ExternalDependencyInstrumentingArtifactTransform: /app/.gradle-local/caches/modules-2/files-2.1/com.google.errorprone/error_prone_annotations/2.3.4/dac170e4594de319655ffb62f41cbd6dbb5e601e/error_prone_annotations-2.3.4.jar because:
  Build cache is disabled
  Caching not enabled.
Caching disabled for MergeInstrumentationAnalysisTransform: /app/.gradle-local/caches/8.8/transforms/3bf78567ffc7136ab9b94a1c3859322c/transformed/analysis/instrumentation-dependencies.bin because:
  Build cache is disabled
  Caching not enabled.
Caching disabled for MergeInstrumentationAnalysisTransform: /app/.gradle-local/caches/modules-2/files-2.1/com.google.j2objc/j2objc-annotations/1.3/ba035118bc8bac37d7eff77700720999acd9986d/j2objc-annotations-1.3.jar because:
  Build cache is disabled
  Caching not enabled.
Caching disabled for MergeInstrumentationAnalysisTransform: /app/.gradle-local/caches/8.8/transforms/5c0bdd257bbad5d92db872048b9d24db/transformed/analysis/instrumentation-hierarchy.bin because:
  Build cache is disabled
  Caching not enabled.
Transforming j2objc-annotations-1.3.jar (com.google.j2objc:j2objc-annotations:1.3) with ExternalDependencyInstrumentingArtifactTransform
Caching disabled for ExternalDependencyInstrumentingArtifactTransform: /app/.gradle-local/caches/8.8/transforms/954e20f08239004d7649fb249e81ca59/transformed/merge/instrumentation-dependencies.bin because:
  Build cache is disabled
  Caching not enabled.
Caching disabled for MergeInstrumentationAnalysisTransform: /app/.gradle-local/caches/8.8/transforms/5c0bdd257bbad5d92db872048b9d24db/transformed/analysis/instrumentation-dependencies.bin because:
  Build cache is disabled
  Caching not enabled.
Caching disabled for ExternalDependencyInstrumentingArtifactTransform: /app/.gradle-local/caches/modules-2/files-2.1/com.google.j2objc/j2objc-annotations/1.3/ba035118bc8bac37d7eff77700720999acd9986d/j2objc-annotations-1.3.jar because:
  Build cache is disabled
  Caching not enabled.
Caching disabled for MergeInstrumentationAnalysisTransform: /app/.gradle-local/caches/modules-2/files-2.1/org.tukaani/xz/1.9/1ea4bec1a921180164852c65006d928617bd2caf/xz-1.9.jar because:
  Build cache is disabled
  Caching not enabled.
Caching disabled for MergeInstrumentationAnalysisTransform: /app/.gradle-local/caches/8.8/transforms/28989a984314ffe085a5ece7d31c1534/transformed/analysis/instrumentation-hierarchy.bin because:
  Build cache is disabled
  Caching not enabled.
Caching disabled for MergeInstrumentationAnalysisTransform: /app/.gradle-local/caches/8.8/transforms/28989a984314ffe085a5ece7d31c1534/transformed/analysis/instrumentation-dependencies.bin because:
  Build cache is disabled
  Caching not enabled.
Transforming xz-1.9.jar (org.tukaani:xz:1.9) with ExternalDependencyInstrumentingArtifactTransform
Caching disabled for ExternalDependencyInstrumentingArtifactTransform: /app/.gradle-local/caches/8.8/transforms/102399cc5913446823bf0a196fd209a4/transformed/merge/instrumentation-dependencies.bin because:
  Build cache is disabled
  Caching not enabled.
Caching disabled for MergeInstrumentationAnalysisTransform: /app/.gradle-local/caches/modules-2/files-2.1/com.squareup.okhttp3/okhttp/4.12.0/2f4525d4a200e97e1b87449c2cd9bd2e25b7e8cd/okhttp-4.12.0.jar because:
  Build cache is disabled
  Caching not enabled.
Transforming okhttp-4.12.0.jar (com.squareup.okhttp3:okhttp:4.12.0) with ExternalDependencyInstrumentingArtifactTransform
Caching disabled for ExternalDependencyInstrumentingArtifactTransform: /app/.gradle-local/caches/8.8/transforms/01fc595be30e959a5a4856de49137165/transformed/merge/instrumentation-dependencies.bin because:
  Build cache is disabled
  Caching not enabled.
Caching disabled for ExternalDependencyInstrumentingArtifactTransform: /app/.gradle-local/caches/modules-2/files-2.1/org.tukaani/xz/1.9/1ea4bec1a921180164852c65006d928617bd2caf/xz-1.9.jar because:
  Build cache is disabled
  Caching not enabled.
Caching disabled for MergeInstrumentationAnalysisTransform: /app/.gradle-local/caches/8.8/transforms/7d85af4554317af15a425f6b146e1a27/transformed/analysis/instrumentation-dependencies.bin because:
  Build cache is disabled
  Caching not enabled.
Caching disabled for MergeInstrumentationAnalysisTransform: /app/.gradle-local/caches/modules-2/files-2.1/com.diffplug.durian/durian-swt.os/4.2.2/83b9864895816fa52d1970036a5213661eb4d525/durian-swt.os-4.2.2.jar because:
  Build cache is disabled
  Caching not enabled.
Transforming durian-swt.os-4.2.2.jar (com.diffplug.durian:durian-swt.os:4.2.2) with ExternalDependencyInstrumentingArtifactTransform
Caching disabled for ExternalDependencyInstrumentingArtifactTransform: /app/.gradle-local/caches/8.8/transforms/9630b82719ded0ae02501d6e1defc725/transformed/merge/instrumentation-dependencies.bin because:
  Build cache is disabled
  Caching not enabled.
Caching disabled for ExternalDependencyInstrumentingArtifactTransform: /app/.gradle-local/caches/modules-2/files-2.1/com.diffplug.durian/durian-swt.os/4.2.2/83b9864895816fa52d1970036a5213661eb4d525/durian-swt.os-4.2.2.jar because:
  Build cache is disabled
  Caching not enabled.
Caching disabled for MergeInstrumentationAnalysisTransform: /app/.gradle-local/caches/8.8/transforms/3965eea8fcaaddebf62ba81a982bfa31/transformed/analysis/instrumentation-hierarchy.bin because:
  Build cache is disabled
  Caching not enabled.
Caching disabled for MergeInstrumentationAnalysisTransform: /app/.gradle-local/caches/8.8/transforms/3965eea8fcaaddebf62ba81a982bfa31/transformed/analysis/instrumentation-dependencies.bin because:
  Build cache is disabled
  Caching not enabled.
Caching disabled for MergeInstrumentationAnalysisTransform: /app/.gradle-local/caches/modules-2/files-2.1/org.eclipse.platform/org.eclipse.osgi/3.18.300/d191ad32e0a3d04b0ae3686c523ff7a1518abafe/org.eclipse.osgi-3.18.300.jar because:
  Build cache is disabled
  Caching not enabled.
Transforming org.eclipse.osgi-3.18.300.jar (org.eclipse.platform:org.eclipse.osgi:3.18.300) with ExternalDependencyInstrumentingArtifactTransform
Caching disabled for ExternalDependencyInstrumentingArtifactTransform: /app/.gradle-local/caches/8.8/transforms/9c998bc3fac0e280a1f00b2654c5055e/transformed/merge/instrumentation-dependencies.bin because:
  Build cache is disabled
  Caching not enabled.
Caching disabled for ExternalDependencyInstrumentingArtifactTransform: /app/.gradle-local/caches/modules-2/files-2.1/com.squareup.okhttp3/okhttp/4.12.0/2f4525d4a200e97e1b87449c2cd9bd2e25b7e8cd/okhttp-4.12.0.jar because:
  Build cache is disabled
  Caching not enabled.
Caching disabled for MergeInstrumentationAnalysisTransform: /app/.gradle-local/caches/8.8/transforms/59101d5ed055cea373ec64818a94a867/transformed/analysis/instrumentation-hierarchy.bin because:
  Build cache is disabled
  Caching not enabled.
Caching disabled for MergeInstrumentationAnalysisTransform: /app/.gradle-local/caches/8.8/transforms/59101d5ed055cea373ec64818a94a867/transformed/analysis/instrumentation-dependencies.bin because:
  Build cache is disabled
  Caching not enabled.
Caching disabled for MergeInstrumentationAnalysisTransform: /app/.gradle-local/caches/modules-2/files-2.1/com.squareup.okio/okio-jvm/3.6.0/5600569133b7bdefe1daf9ec7f4abeb6d13e1786/okio-jvm-3.6.0.jar because:
  Build cache is disabled
  Caching not enabled.
Transforming okio-jvm-3.6.0.jar (com.squareup.okio:okio-jvm:3.6.0) with ExternalDependencyInstrumentingArtifactTransform
Caching disabled for ExternalDependencyInstrumentingArtifactTransform: /app/.gradle-local/caches/8.8/transforms/c7f4b32b6fbf5a3bdc4aa3c8dad86b5c/transformed/merge/instrumentation-dependencies.bin because:
  Build cache is disabled
  Caching not enabled.
Caching disabled for ExternalDependencyInstrumentingArtifactTransform: /app/.gradle-local/caches/modules-2/files-2.1/org.eclipse.jgit/org.eclipse.jgit/6.7.0.202309050840-r/30599f446abe09ab51cfe24d3433170f2599f9cc/org.eclipse.jgit-6.7.0.202309050840-r.jar because:
  Build cache is disabled
  Caching not enabled.
Caching disabled for ExternalDependencyInstrumentingArtifactTransform: /app/.gradle-local/caches/modules-2/files-2.1/com.squareup.okio/okio-jvm/3.6.0/5600569133b7bdefe1daf9ec7f4abeb6d13e1786/okio-jvm-3.6.0.jar because:
  Build cache is disabled
  Caching not enabled.
Caching disabled for MergeInstrumentationAnalysisTransform: /app/.gradle-local/caches/8.8/transforms/d9e51a76ddf7183ac2dc8e40b040621a/transformed/analysis/instrumentation-dependencies.bin because:
  Build cache is disabled
  Caching not enabled.
Caching disabled for MergeInstrumentationAnalysisTransform: /app/.gradle-local/caches/8.8/transforms/ac009b41222008ee3f32f0fababe20ab/transformed/analysis/instrumentation-dependencies.bin because:
  Build cache is disabled
  Caching not enabled.
Caching disabled for MergeInstrumentationAnalysisTransform: /app/.gradle-local/caches/modules-2/files-2.1/org.jetbrains.kotlin/kotlin-stdlib-jdk8/1.9.10/c7510d64a83411a649c76f2778304ddf71d7437b/kotlin-stdlib-jdk8-1.9.10.jar because:
  Build cache is disabled
  Caching not enabled.
Caching disabled for MergeInstrumentationAnalysisTransform: /app/.gradle-local/caches/modules-2/files-2.1/org.jetbrains.kotlin/kotlin-stdlib-jdk7/1.9.10/bc5bfc2690338defd5195b05c57562f2194eeb10/kotlin-stdlib-jdk7-1.9.10.jar because:
  Build cache is disabled
  Caching not enabled.
Transforming kotlin-stdlib-jdk8-1.9.10.jar (org.jetbrains.kotlin:kotlin-stdlib-jdk8:1.9.10) with ExternalDependencyInstrumentingArtifactTransform
Caching disabled for ExternalDependencyInstrumentingArtifactTransform: /app/.gradle-local/caches/8.8/transforms/37d5a8ac485bcef5d858520cde7020a5/transformed/merge/instrumentation-dependencies.bin because:
  Build cache is disabled
  Caching not enabled.
Transforming kotlin-stdlib-jdk7-1.9.10.jar (org.jetbrains.kotlin:kotlin-stdlib-jdk7:1.9.10) with ExternalDependencyInstrumentingArtifactTransform
Caching disabled for ExternalDependencyInstrumentingArtifactTransform: /app/.gradle-local/caches/8.8/transforms/170103776a9a9b46ba5bf185c566e866/transformed/merge/instrumentation-dependencies.bin because:
  Build cache is disabled
  Caching not enabled.
Caching disabled for ExternalDependencyInstrumentingArtifactTransform: /app/.gradle-local/caches/modules-2/files-2.1/org.jetbrains.kotlin/kotlin-stdlib-jdk8/1.9.10/c7510d64a83411a649c76f2778304ddf71d7437b/kotlin-stdlib-jdk8-1.9.10.jar because:
  Build cache is disabled
  Caching not enabled.
Caching disabled for MergeInstrumentationAnalysisTransform: /app/.gradle-local/caches/8.8/transforms/7873d851348c7e3d9c700b04fba1844f/transformed/analysis/instrumentation-hierarchy.bin because:
  Build cache is disabled
  Caching not enabled.
Caching disabled for ExternalDependencyInstrumentingArtifactTransform: /app/.gradle-local/caches/modules-2/files-2.1/org.jetbrains.kotlin/kotlin-stdlib-jdk7/1.9.10/bc5bfc2690338defd5195b05c57562f2194eeb10/kotlin-stdlib-jdk7-1.9.10.jar because:
  Build cache is disabled
  Caching not enabled.
Caching disabled for MergeInstrumentationAnalysisTransform: /app/.gradle-local/caches/8.8/transforms/7873d851348c7e3d9c700b04fba1844f/transformed/analysis/instrumentation-dependencies.bin because:
  Build cache is disabled
  Caching not enabled.
Caching disabled for MergeInstrumentationAnalysisTransform: /app/.gradle-local/caches/8.8/transforms/06ab161b372e1e31d1eb1a4b3c17c874/transformed/analysis/instrumentation-dependencies.bin because:
  Build cache is disabled
  Caching not enabled.
Caching disabled for MergeInstrumentationAnalysisTransform: /app/.gradle-local/caches/modules-2/files-2.1/org.jetbrains.kotlin/kotlin-stdlib/1.9.10/72812e8a368917ab5c0a5081b56915ffdfec93b7/kotlin-stdlib-1.9.10.jar because:
  Build cache is disabled
  Caching not enabled.
Transforming kotlin-stdlib-1.9.10.jar (org.jetbrains.kotlin:kotlin-stdlib:1.9.10) with ExternalDependencyInstrumentingArtifactTransform
Caching disabled for ExternalDependencyInstrumentingArtifactTransform: /app/.gradle-local/caches/8.8/transforms/a840dbea14e49666ef9052e5c6610d81/transformed/merge/instrumentation-dependencies.bin because:
  Build cache is disabled
  Caching not enabled.
Caching disabled for MergeInstrumentationAnalysisTransform: /app/.gradle-local/caches/modules-2/files-2.1/org.jetbrains.kotlin/kotlin-stdlib-common/1.9.10/dafaf2c27f27c09220cee312df10917d9a5d97ce/kotlin-stdlib-common-1.9.10.jar because:
  Build cache is disabled
  Caching not enabled.
Transforming kotlin-stdlib-common-1.9.10.jar (org.jetbrains.kotlin:kotlin-stdlib-common:1.9.10) with ExternalDependencyInstrumentingArtifactTransform
Caching disabled for ExternalDependencyInstrumentingArtifactTransform: /app/.gradle-local/caches/8.8/transforms/8525638bef4ab5cee53fa94953c52a83/transformed/merge/instrumentation-dependencies.bin because:
  Build cache is disabled
  Caching not enabled.
Caching disabled for ExternalDependencyInstrumentingArtifactTransform: /app/.gradle-local/caches/modules-2/files-2.1/org.jetbrains.kotlin/kotlin-stdlib-common/1.9.10/dafaf2c27f27c09220cee312df10917d9a5d97ce/kotlin-stdlib-common-1.9.10.jar because:
  Build cache is disabled
  Caching not enabled.
Caching disabled for MergeInstrumentationAnalysisTransform: /app/.gradle-local/caches/8.8/transforms/b7247af3632eba8976bd95618129bb50/transformed/analysis/instrumentation-dependencies.bin because:
  Build cache is disabled
  Caching not enabled.
Caching disabled for MergeInstrumentationAnalysisTransform: /app/.gradle-local/caches/modules-2/files-2.1/org.jetbrains/annotations/13.0/919f0dfe192fb4e063e7dacadee7f8bb9a2672a9/annotations-13.0.jar because:
  Build cache is disabled
  Caching not enabled.
Transforming annotations-13.0.jar (org.jetbrains:annotations:13.0) with ExternalDependencyInstrumentingArtifactTransform
Caching disabled for ExternalDependencyInstrumentingArtifactTransform: /app/.gradle-local/caches/8.8/transforms/5126a81a3de86f495ed021e58830848e/transformed/merge/instrumentation-dependencies.bin because:
  Build cache is disabled
  Caching not enabled.
Caching disabled for ExternalDependencyInstrumentingArtifactTransform: /app/.gradle-local/caches/modules-2/files-2.1/com.google.guava/guava/28.2-jre/8ec9ed76528425762174f0011ce8f74ad845b756/guava-28.2-jre.jar because:
  Build cache is disabled
  Caching not enabled.
Caching disabled for ExternalDependencyInstrumentingArtifactTransform: /app/.gradle-local/caches/modules-2/files-2.1/org.jetbrains/annotations/13.0/919f0dfe192fb4e063e7dacadee7f8bb9a2672a9/annotations-13.0.jar because:
  Build cache is disabled
  Caching not enabled.
Caching disabled for ExternalDependencyInstrumentingArtifactTransform: /app/.gradle-local/caches/modules-2/files-2.1/org.eclipse.platform/org.eclipse.osgi/3.18.300/d191ad32e0a3d04b0ae3686c523ff7a1518abafe/org.eclipse.osgi-3.18.300.jar because:
  Build cache is disabled
  Caching not enabled.
Caching disabled for ExternalDependencyInstrumentingArtifactTransform: /app/.gradle-local/caches/modules-2/files-2.1/org.jetbrains.kotlin/kotlin-stdlib/1.9.10/72812e8a368917ab5c0a5081b56915ffdfec93b7/kotlin-stdlib-1.9.10.jar because:
  Build cache is disabled
  Caching not enabled.
Caching disabled for Groovy DSL script compilation (proj) because:
  Build cache is disabled
  Not worth caching.
Compiling build file '/app/build.gradle' using BuildScriptTransformer.
Caching disabled for Groovy DSL script compilation (cp_dsl) because:
  Build cache is disabled
  Not worth caching.
Compiling script '/app/betternether.gradle' using SubsetScriptTransformer.
Caching disabled for Groovy DSL script compilation (dsl) because:
  Build cache is disabled
  Not worth caching.
Compiling script '/app/betternether.gradle' using BuildScriptTransformer.
All projects evaluated.
Task name matched 'compileJava'
Selected primary task 'compileJava' from project :
Path for java installation '/usr/lib/jvm/openjdk-21' (Common Linux Locations) auto-detected does not contain a java executable
Tasks to be executed: [task ':createMinecraftArtifacts', task ':compileJava']
Tasks that were excluded: []
Resolve mutations for :createMinecraftArtifacts (Thread[#87,Execution worker,5,main]) started.
:createMinecraftArtifacts (Thread[#86,included builds,5,main]) started.

> Task :createMinecraftArtifacts
Downloading https://maven.neoforged.net/releases/net/neoforged/neoform-runtime/1.0.13/neoform-runtime-1.0.13.pom to /app/.gradle-local/.tmp/gradle_download14057924103024412543bin
Downloading https://maven.neoforged.net/releases/net/neoforged/neoform-runtime/1.0.13/neoform-runtime-1.0.13.module to /app/.gradle-local/.tmp/gradle_download11768215541761183189bin
Downloading https://maven.neoforged.net/releases/io/codechicken/DiffPatch/2.0.0.36/DiffPatch-2.0.0.36.pom to /app/.gradle-local/.tmp/gradle_download16955733079745890687bin
Downloading https://maven.neoforged.net/releases/io/codechicken/DiffPatch/2.0.0.36/DiffPatch-2.0.0.36.module to /app/.gradle-local/.tmp/gradle_download4481164643358710141bin
Downloading https://maven.neoforged.net/releases/net/neoforged/jst/jst-cli-bundle/1.0.66/jst-cli-bundle-1.0.66.pom to /app/.gradle-local/.tmp/gradle_download13850360091319259108bin
Downloading https://maven.neoforged.net/releases/net/neoforged/jst/jst-cli-bundle/1.0.66/jst-cli-bundle-1.0.66.module to /app/.gradle-local/.tmp/gradle_download9076051524184703291bin
Downloading https://maven.neoforged.net/releases/net/covers1624/Quack/0.4.10.101/Quack-0.4.10.101.pom to /app/.gradle-local/.tmp/gradle_download9675850321526569678bin
Resource missing. [HTTP GET: https://libraries.minecraft.net/it/unimi/dsi/fastutil/8.3.1/fastutil-8.3.1.pom]
Downloading https://maven.neoforged.net/releases/it/unimi/dsi/fastutil/8.3.1/fastutil-8.3.1.pom to /app/.gradle-local/.tmp/gradle_download5893874098735000097bin
Resource missing. [HTTP GET: https://libraries.minecraft.net/org/apache/commons/commons-lang3/3.9/commons-lang3-3.9.pom]
Downloading https://maven.neoforged.net/releases/org/apache/commons/commons-lang3/3.9/commons-lang3-3.9.pom to /app/.gradle-local/.tmp/gradle_download2984051456343219304bin
Downloading https://maven.neoforged.net/releases/org/apache/commons/commons-parent/48/commons-parent-48.pom to /app/.gradle-local/.tmp/gradle_download903301806509750569bin
Downloading https://maven.neoforged.net/releases/org/apache/apache/21/apache-21.pom to /app/.gradle-local/.tmp/gradle_download5653751404866006755bin
Resource missing. [HTTP GET: https://libraries.minecraft.net/org/apache/commons/commons-compress/1.18/commons-compress-1.18.pom]
Downloading https://maven.neoforged.net/releases/org/apache/commons/commons-compress/1.18/commons-compress-1.18.pom to /app/.gradle-local/.tmp/gradle_download3505915900132034128bin
Downloading https://maven.neoforged.net/releases/org/apache/commons/commons-parent/47/commons-parent-47.pom to /app/.gradle-local/.tmp/gradle_download15759527627473098682bin
Downloading https://maven.neoforged.net/releases/org/apache/apache/19/apache-19.pom to /app/.gradle-local/.tmp/gradle_download6325732869010537523bin
Downloading https://maven.neoforged.net/releases/org/tukaani/xz/1.8/xz-1.8.pom to /app/.gradle-local/.tmp/gradle_download15319610489985839088bin
Downloading https://libraries.minecraft.net/net/sf/jopt-simple/jopt-simple/5.0.4/jopt-simple-5.0.4.pom to /app/.gradle-local/.tmp/gradle_download3642492650925369190bin
Downloading https://maven.neoforged.net/releases/io/codechicken/DiffPatch/2.0.0.36/DiffPatch-2.0.0.36-all.jar to /app/.gradle-local/.tmp/gradle_download13297104636354601684bin
Downloading https://maven.neoforged.net/releases/it/unimi/dsi/fastutil/8.3.1/fastutil-8.3.1.jar to /app/.gradle-local/.tmp/gradle_download17376465306183705768bin
Downloading https://maven.neoforged.net/releases/net/covers1624/Quack/0.4.10.101/Quack-0.4.10.101.jar to /app/.gradle-local/.tmp/gradle_download9962278277427556745bin
Downloading https://maven.neoforged.net/releases/net/neoforged/jst/jst-cli-bundle/1.0.66/jst-cli-bundle-1.0.66.jar to /app/.gradle-local/.tmp/gradle_download9205815433290645681bin
Downloading https://maven.neoforged.net/releases/org/apache/commons/commons-lang3/3.9/commons-lang3-3.9.jar to /app/.gradle-local/.tmp/gradle_download11619512492614516004bin
Downloading https://maven.neoforged.net/releases/org/apache/commons/commons-compress/1.18/commons-compress-1.18.jar to /app/.gradle-local/.tmp/gradle_download8785936400975920469bin
Downloading https://maven.neoforged.net/releases/org/tukaani/xz/1.8/xz-1.8.jar to /app/.gradle-local/.tmp/gradle_download13627948990146584729bin
Downloading https://libraries.minecraft.net/net/sf/jopt-simple/jopt-simple/5.0.4/jopt-simple-5.0.4.jar to /app/.gradle-local/.tmp/gradle_download17107844561441633675bin
Downloading https://maven.neoforged.net/releases/net/neoforged/neoforge/21.1.248/neoforge-21.1.248.pom to /app/.gradle-local/.tmp/gradle_download11554708574531731696bin
Downloading https://maven.neoforged.net/releases/net/neoforged/neoforge/21.1.248/neoforge-21.1.248.module to /app/.gradle-local/.tmp/gradle_download14566753727113456552bin
Downloading https://maven.neoforged.net/releases/net/neoforged/neoform/1.21.1-20240808.144430/neoform-1.21.1-20240808.144430.pom to /app/.gradle-local/.tmp/gradle_download5589794856327538326bin
Downloading https://maven.neoforged.net/releases/net/neoforged/neoform/1.21.1-20240808.144430/neoform-1.21.1-20240808.144430.module to /app/.gradle-local/.tmp/gradle_download17278547482457404567bin
Downloading https://maven.neoforged.net/releases/org/vineflower/vineflower/1.10.1/vineflower-1.10.1.pom to /app/.gradle-local/.tmp/gradle_download3125101177883522105bin
Downloading https://maven.neoforged.net/releases/net/neoforged/mergetool/2.0.3/mergetool-2.0.3.pom to /app/.gradle-local/.tmp/gradle_download4975369807448087188bin
Downloading https://maven.neoforged.net/releases/net/neoforged/mergetool/2.0.3/mergetool-2.0.3.module to /app/.gradle-local/.tmp/gradle_download1148256790229097231bin
Downloading https://maven.neoforged.net/releases/net/neoforged/AutoRenamingTool/2.0.3/AutoRenamingTool-2.0.3.pom to /app/.gradle-local/.tmp/gradle_download4687789593743707384bin
Downloading https://maven.neoforged.net/releases/net/neoforged/AutoRenamingTool/2.0.3/AutoRenamingTool-2.0.3.module to /app/.gradle-local/.tmp/gradle_download12484134576609099312bin
Downloading https://maven.neoforged.net/releases/net/neoforged/installertools/installertools/2.1.2/installertools-2.1.2.pom to /app/.gradle-local/.tmp/gradle_download1070890216873699184bin
Downloading https://maven.neoforged.net/releases/net/neoforged/installertools/installertools/2.1.2/installertools-2.1.2.module to /app/.gradle-local/.tmp/gradle_download15945578463218801390bin
Downloading https://maven.neoforged.net/releases/org/vineflower/vineflower/1.10.1/vineflower-1.10.1.jar to /app/.gradle-local/.tmp/gradle_download7695264552505309979bin
Downloading https://maven.neoforged.net/releases/net/neoforged/neoforge/21.1.248/neoforge-21.1.248-userdev.jar to /app/.gradle-local/.tmp/gradle_download13413427114763983547bin
Downloading https://maven.neoforged.net/releases/net/neoforged/neoform/1.21.1-20240808.144430/neoform-1.21.1-20240808.144430.zip to /app/.gradle-local/.tmp/gradle_download3934461607297068348bin
Downloading https://maven.neoforged.net/releases/net/neoforged/mergetool/2.0.3/mergetool-2.0.3-fatjar.jar to /app/.gradle-local/.tmp/gradle_download3022124154459001172bin
Downloading https://maven.neoforged.net/releases/net/neoforged/AutoRenamingTool/2.0.3/AutoRenamingTool-2.0.3-all.jar to /app/.gradle-local/.tmp/gradle_download11848195140559623279bin
Downloading https://maven.neoforged.net/releases/net/neoforged/installertools/installertools/2.1.2/installertools-2.1.2-fatjar.jar to /app/.gradle-local/.tmp/gradle_download14419812553694594100bin
Downloading https://maven.neoforged.net/releases/net/neoforged/neoforge/21.1.248/neoforge-21.1.248-sources.jar to /app/.gradle-local/.tmp/gradle_download5273269651154698495bin
Downloading https://maven.neoforged.net/releases/net/neoforged/fancymodloader/loader/4.0.43/loader-4.0.43.pom to /app/.gradle-local/.tmp/gradle_download10231300614447196611bin
Downloading https://maven.neoforged.net/releases/net/neoforged/fancymodloader/loader/4.0.43/loader-4.0.43.module to /app/.gradle-local/.tmp/gradle_download17526137912393247858bin
Downloading https://maven.neoforged.net/releases/net/neoforged/fancymodloader/earlydisplay/4.0.43/earlydisplay-4.0.43.pom to /app/.gradle-local/.tmp/gradle_download221772101502424138bin
Downloading https://maven.neoforged.net/releases/net/neoforged/fancymodloader/earlydisplay/4.0.43/earlydisplay-4.0.43.module to /app/.gradle-local/.tmp/gradle_download2333570364876313726bin
Downloading https://maven.neoforged.net/releases/net/neoforged/accesstransformers/10.0.1/accesstransformers-10.0.1.pom to /app/.gradle-local/.tmp/gradle_download17391217342320449526bin
Downloading https://maven.neoforged.net/releases/net/neoforged/accesstransformers/10.0.1/accesstransformers-10.0.1.module to /app/.gradle-local/.tmp/gradle_download5726926750570512079bin
Downloading https://maven.neoforged.net/releases/net/neoforged/bus/8.0.5/bus-8.0.5.pom to /app/.gradle-local/.tmp/gradle_download9917163460396628537bin
Downloading https://maven.neoforged.net/releases/net/neoforged/bus/8.0.5/bus-8.0.5.module to /app/.gradle-local/.tmp/gradle_download2258028103785136956bin
Downloading https://maven.neoforged.net/releases/net/neoforged/coremods/7.0.3/coremods-7.0.3.pom to /app/.gradle-local/.tmp/gradle_download15373229606501847007bin
Downloading https://maven.neoforged.net/releases/net/neoforged/coremods/7.0.3/coremods-7.0.3.module to /app/.gradle-local/.tmp/gradle_download5827904618389734921bin
Downloading https://maven.neoforged.net/releases/cpw/mods/modlauncher/11.0.5/modlauncher-11.0.5.pom to /app/.gradle-local/.tmp/gradle_download3898533770669989bin
Downloading https://maven.neoforged.net/releases/cpw/mods/modlauncher/11.0.5/modlauncher-11.0.5.module to /app/.gradle-local/.tmp/gradle_download16660290485756781480bin
Downloading https://maven.neoforged.net/releases/net/neoforged/mergetool/2.0.0/mergetool-2.0.0.pom to /app/.gradle-local/.tmp/gradle_download9940385380209199786bin
Downloading https://maven.neoforged.net/releases/net/neoforged/mergetool/2.0.0/mergetool-2.0.0.module to /app/.gradle-local/.tmp/gradle_download18017035917421200676bin
Downloading https://maven.neoforged.net/releases/com/electronwill/night-config/core/3.8.3/core-3.8.3.pom to /app/.gradle-local/.tmp/gradle_download8519975085040492872bin
Downloading https://maven.neoforged.net/releases/com/electronwill/night-config/core/3.8.3/core-3.8.3.module to /app/.gradle-local/.tmp/gradle_download13208886066474486573bin
Downloading https://maven.neoforged.net/releases/com/electronwill/night-config/toml/3.8.3/toml-3.8.3.pom to /app/.gradle-local/.tmp/gradle_download18342610512308767687bin
Downloading https://maven.neoforged.net/releases/com/electronwill/night-config/toml/3.8.3/toml-3.8.3.module to /app/.gradle-local/.tmp/gradle_download8726649439870609971bin
Downloading https://maven.neoforged.net/releases/org/apache/maven/maven-artifact/3.8.5/maven-artifact-3.8.5.pom to /app/.gradle-local/.tmp/gradle_download17796682443258358965bin
Downloading https://maven.neoforged.net/releases/org/apache/maven/maven/3.8.5/maven-3.8.5.pom to /app/.gradle-local/.tmp/gradle_download6053817680954401771bin
Downloading https://maven.neoforged.net/releases/org/apache/maven/maven-parent/35/maven-parent-35.pom to /app/.gradle-local/.tmp/gradle_download7308141974638732724bin
Downloading https://maven.neoforged.net/releases/org/apache/apache/25/apache-25.pom to /app/.gradle-local/.tmp/gradle_download16685717201750915535bin
Downloading https://maven.neoforged.net/releases/net/jodah/typetools/0.6.3/typetools-0.6.3.pom to /app/.gradle-local/.tmp/gradle_download13782473613992569781bin
Downloading https://maven.neoforged.net/releases/net/minecrell/terminalconsoleappender/1.3.0/terminalconsoleappender-1.3.0.pom to /app/.gradle-local/.tmp/gradle_download13930312349551257616bin
Downloading https://maven.neoforged.net/releases/net/minecrell/terminalconsoleappender/1.3.0/terminalconsoleappender-1.3.0.module to /app/.gradle-local/.tmp/gradle_download15397897636968933376bin
Downloading https://maven.neoforged.net/releases/net/fabricmc/sponge-mixin/0.15.2+mixin.0.8.7/sponge-mixin-0.15.2+mixin.0.8.7.pom to /app/.gradle-local/.tmp/gradle_download12500529678879463560bin
Downloading https://maven.neoforged.net/releases/org/openjdk/nashorn/nashorn-core/15.4/nashorn-core-15.4.pom to /app/.gradle-local/.tmp/gradle_download1910420937958202587bin
Downloading https://maven.neoforged.net/releases/net/neoforged/JarJarSelector/0.4.1/JarJarSelector-0.4.1.pom to /app/.gradle-local/.tmp/gradle_download6325871214709871571bin
Downloading https://maven.neoforged.net/releases/net/neoforged/JarJarSelector/0.4.1/JarJarSelector-0.4.1.module to /app/.gradle-local/.tmp/gradle_download16388024363519206915bin
Downloading https://libraries.minecraft.net/org/apache/commons/commons-lang3/3.14.0/commons-lang3-3.14.0.pom to /app/.gradle-local/.tmp/gradle_download15432413342976730761bin
Downloading https://maven.neoforged.net/releases/org/apache/commons/commons-parent/64/commons-parent-64.pom to /app/.gradle-local/.tmp/gradle_download15567577575770048909bin
Downloading https://maven.neoforged.net/releases/org/apache/apache/30/apache-30.pom to /app/.gradle-local/.tmp/gradle_download9548244528433695772bin
Downloading https://maven.neoforged.net/releases/org/junit/junit-bom/5.10.0/junit-bom-5.10.0.pom to /app/.gradle-local/.tmp/gradle_download9118518993437761249bin
Downloading https://maven.neoforged.net/releases/org/junit/junit-bom/5.10.0/junit-bom-5.10.0.module to /app/.gradle-local/.tmp/gradle_download3885812434163343650bin
Downloading https://maven.neoforged.net/releases/net/neoforged/JarJarMetadata/0.4.1/JarJarMetadata-0.4.1.pom to /app/.gradle-local/.tmp/gradle_download9974875984741626778bin
Downloading https://maven.neoforged.net/releases/net/neoforged/JarJarMetadata/0.4.1/JarJarMetadata-0.4.1.module to /app/.gradle-local/.tmp/gradle_download6768568269448430565bin
Downloading https://maven.neoforged.net/releases/cpw/mods/securejarhandler/3.0.8/securejarhandler-3.0.8.pom to /app/.gradle-local/.tmp/gradle_download1845791852238839174bin
Downloading https://maven.neoforged.net/releases/cpw/mods/securejarhandler/3.0.8/securejarhandler-3.0.8.module to /app/.gradle-local/.tmp/gradle_download17411727044154613634bin
Resource missing. [HTTP GET: https://libraries.minecraft.net/org/ow2/asm/asm/9.10.1/asm-9.10.1.pom]
Downloading https://maven.neoforged.net/releases/org/ow2/asm/asm/9.10.1/asm-9.10.1.pom to /app/.gradle-local/.tmp/gradle_download13525223744905265492bin
Downloading https://maven.neoforged.net/releases/org/ow2/ow2/1.5.1/ow2-1.5.1.pom to /app/.gradle-local/.tmp/gradle_download945551769193054961bin
Downloading https://maven.neoforged.net/releases/org/ow2/asm/asm-commons/9.10.1/asm-commons-9.10.1.pom to /app/.gradle-local/.tmp/gradle_download9260891249463838670bin
Downloading https://maven.neoforged.net/releases/org/ow2/asm/asm-tree/9.10.1/asm-tree-9.10.1.pom to /app/.gradle-local/.tmp/gradle_download7573528347366666632bin
Downloading https://maven.neoforged.net/releases/org/ow2/asm/asm-util/9.10.1/asm-util-9.10.1.pom to /app/.gradle-local/.tmp/gradle_download11075484035994028733bin
Downloading https://maven.neoforged.net/releases/org/ow2/asm/asm-analysis/9.10.1/asm-analysis-9.10.1.pom to /app/.gradle-local/.tmp/gradle_download3326515041338807269bin
Downloading https://maven.neoforged.net/releases/cpw/mods/bootstraplauncher/2.0.2/bootstraplauncher-2.0.2.pom to /app/.gradle-local/.tmp/gradle_download16263703708707884266bin
Downloading https://maven.neoforged.net/releases/cpw/mods/bootstraplauncher/2.0.2/bootstraplauncher-2.0.2.module to /app/.gradle-local/.tmp/gradle_download3044492248063351664bin
Downloading https://maven.neoforged.net/releases/net/neoforged/JarJarFileSystems/0.4.1/JarJarFileSystems-0.4.1.pom to /app/.gradle-local/.tmp/gradle_download10427890285658659026bin
Downloading https://maven.neoforged.net/releases/net/neoforged/JarJarFileSystems/0.4.1/JarJarFileSystems-0.4.1.module to /app/.gradle-local/.tmp/gradle_download7159056664822505130bin
Downloading https://maven.neoforged.net/releases/io/github/llamalad7/mixinextras-neoforge/0.5.3/mixinextras-neoforge-0.5.3.pom to /app/.gradle-local/.tmp/gradle_download5054585572059931482bin
Downloading https://maven.neoforged.net/mojang-meta/net/neoforged/minecraft-dependencies/1.21.1/minecraft-dependencies-1.21.1.module to /app/.gradle-local/.tmp/gradle_download4508144101390793958bin
Downloading https://maven.neoforged.net/releases/org/jetbrains/annotations/24.1.0/annotations-24.1.0.pom to /app/.gradle-local/.tmp/gradle_download7039067766380010435bin
Downloading https://libraries.minecraft.net/ca/weblite/java-objc-bridge/1.1/java-objc-bridge-1.1.pom to /app/.gradle-local/.tmp/gradle_download6845404707682382797bin
Downloading https://libraries.minecraft.net/org/apache/logging/log4j/log4j-api/2.22.1/log4j-api-2.22.1.pom to /app/.gradle-local/.tmp/gradle_download2283136950352232815bin
Downloading https://maven.neoforged.net/releases/org/apache/logging/log4j/log4j/2.22.1/log4j-2.22.1.pom to /app/.gradle-local/.tmp/gradle_download17672214633673730574bin
Downloading https://maven.neoforged.net/releases/org/apache/logging/log4j/log4j-bom/2.22.1/log4j-bom-2.22.1.pom to /app/.gradle-local/.tmp/gradle_download4436028834340813525bin
Downloading https://maven.neoforged.net/releases/org/apache/logging/logging-parent/10.5.0/logging-parent-10.5.0.pom to /app/.gradle-local/.tmp/gradle_download1556866518025913774bin
Downloading https://maven.neoforged.net/releases/org/apache/apache/31/apache-31.pom to /app/.gradle-local/.tmp/gradle_download17216436400229900551bin
Downloading https://maven.neoforged.net/releases/org/codehaus/groovy/groovy-bom/3.0.19/groovy-bom-3.0.19.pom to /app/.gradle-local/.tmp/gradle_download18114674236682099723bin
Downloading https://maven.neoforged.net/releases/com/fasterxml/jackson/jackson-bom/2.16.0/jackson-bom-2.16.0.pom to /app/.gradle-local/.tmp/gradle_download9630187878133352379bin
Downloading https://maven.neoforged.net/releases/com/fasterxml/jackson/jackson-parent/2.16/jackson-parent-2.16.pom to /app/.gradle-local/.tmp/gradle_download3631638534706884231bin
Downloading https://maven.neoforged.net/releases/com/fasterxml/oss-parent/56/oss-parent-56.pom to /app/.gradle-local/.tmp/gradle_download4279333903579901679bin
Downloading https://maven.neoforged.net/releases/jakarta/platform/jakarta.jakartaee-bom/9.1.0/jakarta.jakartaee-bom-9.1.0.pom to /app/.gradle-local/.tmp/gradle_download7301961778978066810bin
Downloading https://maven.neoforged.net/releases/jakarta/platform/jakartaee-api-parent/9.1.0/jakartaee-api-parent-9.1.0.pom to /app/.gradle-local/.tmp/gradle_download8221067097207173935bin
Downloading https://maven.neoforged.net/releases/org/eclipse/ee4j/project/1.0.7/project-1.0.7.pom to /app/.gradle-local/.tmp/gradle_download3633593701735564023bin
Downloading https://maven.neoforged.net/releases/org/eclipse/jetty/jetty-bom/9.4.53.v20231009/jetty-bom-9.4.53.v20231009.pom to /app/.gradle-local/.tmp/gradle_download3389487865593191985bin
Downloading https://maven.neoforged.net/releases/org/junit/junit-bom/5.10.1/junit-bom-5.10.1.pom to /app/.gradle-local/.tmp/gradle_download14087685625748106806bin
Downloading https://maven.neoforged.net/releases/org/junit/junit-bom/5.10.1/junit-bom-5.10.1.module to /app/.gradle-local/.tmp/gradle_download15568357721020396955bin
Downloading https://maven.neoforged.net/releases/io/fabric8/kubernetes-client-bom/5.12.4/kubernetes-client-bom-5.12.4.pom to /app/.gradle-local/.tmp/gradle_download16888777319528193688bin
Downloading https://maven.neoforged.net/releases/org/mockito/mockito-bom/4.11.0/mockito-bom-4.11.0.pom to /app/.gradle-local/.tmp/gradle_download11978727355959202844bin
Downloading https://maven.neoforged.net/releases/io/netty/netty-bom/4.1.104.Final/netty-bom-4.1.104.Final.pom to /app/.gradle-local/.tmp/gradle_download15453234463726905791bin
Downloading https://libraries.minecraft.net/com/google/guava/guava/31.1-jre/guava-31.1-jre.pom to /app/.gradle-local/.tmp/gradle_download1469496997882783704bin
Downloading https://maven.neoforged.net/releases/com/google/guava/guava-parent/31.1-jre/guava-parent-31.1-jre.pom to /app/.gradle-local/.tmp/gradle_download17382779941751647255bin
Downloading https://libraries.minecraft.net/com/google/code/gson/gson/2.10/gson-2.10.pom to /app/.gradle-local/.tmp/gradle_download15758253103334155035bin
Downloading https://maven.neoforged.net/releases/com/google/code/gson/gson-parent/2.10/gson-parent-2.10.pom to /app/.gradle-local/.tmp/gradle_download143510584448831914bin
Downloading https://libraries.minecraft.net/com/mojang/logging/1.1.1/logging-1.1.1.pom to /app/.gradle-local/.tmp/gradle_download12589707894356194345bin
Downloading https://libraries.minecraft.net/com/mojang/logging/1.1.1/logging-1.1.1.module to /app/.gradle-local/.tmp/gradle_download695280912133634238bin
Downloading https://libraries.minecraft.net/org/slf4j/slf4j-api/2.0.9/slf4j-api-2.0.9.pom to /app/.gradle-local/.tmp/gradle_download1402589668731068432bin
Downloading https://maven.neoforged.net/releases/org/slf4j/slf4j-parent/2.0.9/slf4j-parent-2.0.9.pom to /app/.gradle-local/.tmp/gradle_download10534048206228116348bin
Downloading https://maven.neoforged.net/releases/org/slf4j/slf4j-bom/2.0.9/slf4j-bom-2.0.9.pom to /app/.gradle-local/.tmp/gradle_download2723259237722919869bin
Downloading https://maven.neoforged.net/releases/org/antlr/antlr4-runtime/4.13.1/antlr4-runtime-4.13.1.pom to /app/.gradle-local/.tmp/gradle_download6902357090219505489bin
Downloading https://maven.neoforged.net/releases/org/antlr/antlr4-master/4.13.1/antlr4-master-4.13.1.pom to /app/.gradle-local/.tmp/gradle_download10039607874509502041bin
Downloading https://maven.neoforged.net/releases/org/codehaus/plexus/plexus-utils/3.3.0/plexus-utils-3.3.0.pom to /app/.gradle-local/.tmp/gradle_download3946523406034429636bin
Downloading https://maven.neoforged.net/releases/org/codehaus/plexus/plexus/5.1/plexus-5.1.pom to /app/.gradle-local/.tmp/gradle_download2074513375970135491bin
Downloading https://libraries.minecraft.net/org/apache/logging/log4j/log4j-core/2.8.1/log4j-core-2.8.1.pom to /app/.gradle-local/.tmp/gradle_download7334262855727338430bin
Downloading https://maven.neoforged.net/releases/org/apache/logging/log4j/log4j/2.8.1/log4j-2.8.1.pom to /app/.gradle-local/.tmp/gradle_download9636321022053240574bin
Downloading https://maven.neoforged.net/releases/org/apache/logging/logging-parent/1/logging-parent-1.pom to /app/.gradle-local/.tmp/gradle_download9768799430291978177bin
Downloading https://maven.neoforged.net/releases/org/apache/apache/18/apache-18.pom to /app/.gradle-local/.tmp/gradle_download16779807218639456025bin
Downloading https://maven.neoforged.net/releases/org/jline/jline-reader/3.20.0/jline-reader-3.20.0.pom to /app/.gradle-local/.tmp/gradle_download9091535512764463829bin
Downloading https://maven.neoforged.net/releases/org/jline/jline-parent/3.20.0/jline-parent-3.20.0.pom to /app/.gradle-local/.tmp/gradle_download2237262413075773985bin
Downloading https://maven.neoforged.net/releases/com/machinezoo/noexception/noexception/1.7.1/noexception-1.7.1.pom to /app/.gradle-local/.tmp/gradle_download2617776593677024731bin
Found locally available resource with matching checksum: [https://libraries.minecraft.net/com/google/code/gson/gson/2.10.1/gson-2.10.1.pom, /app/.gradle-local/caches/modules-2/files-2.1/com.google.code.gson/gson/2.10.1/ce159faf33c1e665e1f3a785a5d678a2b20151bc/gson-2.10.1.pom]
Downloading https://libraries.minecraft.net/com/google/guava/guava/32.1.2-jre/guava-32.1.2-jre.pom to /app/.gradle-local/.tmp/gradle_download1023483249214738791bin
Downloading https://maven.neoforged.net/releases/com/google/guava/guava-parent/32.1.2-jre/guava-parent-32.1.2-jre.pom to /app/.gradle-local/.tmp/gradle_download2273070411789683876bin
Resource missing. [HTTP GET: https://libraries.minecraft.net/com/google/guava/guava/32.1.2-jre/guava-32.1.2-jre.module]
Downloading https://libraries.minecraft.net/com/mojang/logging/1.2.7/logging-1.2.7.pom to /app/.gradle-local/.tmp/gradle_download10741373901367529345bin
Downloading https://libraries.minecraft.net/com/mojang/logging/1.2.7/logging-1.2.7.module to /app/.gradle-local/.tmp/gradle_download11390826432708410390bin
Downloading https://libraries.minecraft.net/org/apache/logging/log4j/log4j-core/2.22.1/log4j-core-2.22.1.pom to /app/.gradle-local/.tmp/gradle_download15985732259978323155bin
Downloading https://libraries.minecraft.net/com/github/oshi/oshi-core/6.4.10/oshi-core-6.4.10.pom to /app/.gradle-local/.tmp/gradle_download16162171787963194192bin
Downloading https://maven.neoforged.net/releases/com/github/oshi/oshi-parent/6.4.10/oshi-parent-6.4.10.pom to /app/.gradle-local/.tmp/gradle_download12679779920803454055bin
Found locally available resource with matching checksum: [https://libraries.minecraft.net/com/google/guava/failureaccess/1.0.1/failureaccess-1.0.1.pom, /app/.gradle-local/caches/modules-2/files-2.1/com.google.guava/failureaccess/1.0.1/e8160e78fdaaf7088621dc1649d9dd2dfcf8d0e8/failureaccess-1.0.1.pom]
Downloading https://libraries.minecraft.net/com/ibm/icu/icu4j/73.2/icu4j-73.2.pom to /app/.gradle-local/.tmp/gradle_download2456419043450897796bin
Downloading https://libraries.minecraft.net/com/mojang/authlib/6.0.54/authlib-6.0.54.pom to /app/.gradle-local/.tmp/gradle_download5433816117432097465bin
Downloading https://libraries.minecraft.net/com/mojang/authlib/6.0.54/authlib-6.0.54.module to /app/.gradle-local/.tmp/gradle_download10890340270788892170bin
Downloading https://libraries.minecraft.net/com/mojang/blocklist/1.0.10/blocklist-1.0.10.pom to /app/.gradle-local/.tmp/gradle_download10315186547331964395bin
Downloading https://libraries.minecraft.net/com/mojang/brigadier/1.3.10/brigadier-1.3.10.pom to /app/.gradle-local/.tmp/gradle_download451152492364331414bin
Downloading https://libraries.minecraft.net/com/mojang/datafixerupper/8.0.16/datafixerupper-8.0.16.pom to /app/.gradle-local/.tmp/gradle_download524374435282789549bin
Downloading https://libraries.minecraft.net/com/mojang/datafixerupper/8.0.16/datafixerupper-8.0.16.module to /app/.gradle-local/.tmp/gradle_download142980531948826432bin
Downloading https://libraries.minecraft.net/com/mojang/patchy/2.2.10/patchy-2.2.10.pom to /app/.gradle-local/.tmp/gradle_download12666056771192122195bin
Downloading https://libraries.minecraft.net/com/mojang/text2speech/1.17.9/text2speech-1.17.9.pom to /app/.gradle-local/.tmp/gradle_download7656165675795938073bin
Downloading https://libraries.minecraft.net/com/mojang/text2speech/1.17.9/text2speech-1.17.9.module to /app/.gradle-local/.tmp/gradle_download7935617392183202967bin
Found locally available resource with matching checksum: [https://libraries.minecraft.net/commons-codec/commons-codec/1.16.0/commons-codec-1.16.0.pom, /app/.gradle-local/caches/modules-2/files-2.1/commons-codec/commons-codec/1.16.0/d1dacb885ae5c943234addcc73f473e609ca1248/commons-codec-1.16.0.pom]
Downloading https://libraries.minecraft.net/commons-io/commons-io/2.15.1/commons-io-2.15.1.pom to /app/.gradle-local/.tmp/gradle_download12745202784695672854bin
Downloading https://maven.neoforged.net/releases/org/apache/commons/commons-parent/65/commons-parent-65.pom to /app/.gradle-local/.tmp/gradle_download7052513041264670913bin
Downloading https://libraries.minecraft.net/commons-logging/commons-logging/1.2/commons-logging-1.2.pom to /app/.gradle-local/.tmp/gradle_download11866780349879620335bin
Downloading https://maven.neoforged.net/releases/org/apache/commons/commons-parent/34/commons-parent-34.pom to /app/.gradle-local/.tmp/gradle_download15646215717780205630bin
Downloading https://maven.neoforged.net/releases/org/apache/apache/13/apache-13.pom to /app/.gradle-local/.tmp/gradle_download9591921434296860833bin
Downloading https://libraries.minecraft.net/io/netty/netty-buffer/4.1.97.Final/netty-buffer-4.1.97.Final.pom to /app/.gradle-local/.tmp/gradle_download17511818853599929891bin
Downloading https://maven.neoforged.net/releases/io/netty/netty-parent/4.1.97.Final/netty-parent-4.1.97.Final.pom to /app/.gradle-local/.tmp/gradle_download18416206101016477711bin
Downloading https://libraries.minecraft.net/io/netty/netty-codec/4.1.97.Final/netty-codec-4.1.97.Final.pom to /app/.gradle-local/.tmp/gradle_download9384436747518384521bin
Downloading https://libraries.minecraft.net/io/netty/netty-common/4.1.97.Final/netty-common-4.1.97.Final.pom to /app/.gradle-local/.tmp/gradle_download4648861146017903791bin
Downloading https://libraries.minecraft.net/io/netty/netty-handler/4.1.97.Final/netty-handler-4.1.97.Final.pom to /app/.gradle-local/.tmp/gradle_download6645755183334649400bin
Downloading https://libraries.minecraft.net/io/netty/netty-resolver/4.1.97.Final/netty-resolver-4.1.97.Final.pom to /app/.gradle-local/.tmp/gradle_download4624310306981642799bin
Downloading https://libraries.minecraft.net/io/netty/netty-transport-classes-epoll/4.1.97.Final/netty-transport-classes-epoll-4.1.97.Final.pom to /app/.gradle-local/.tmp/gradle_download1381382526875596701bin
Downloading https://libraries.minecraft.net/io/netty/netty-transport-native-unix-common/4.1.97.Final/netty-transport-native-unix-common-4.1.97.Final.pom to /app/.gradle-local/.tmp/gradle_download10986440416146067057bin
Downloading https://libraries.minecraft.net/io/netty/netty-transport/4.1.97.Final/netty-transport-4.1.97.Final.pom to /app/.gradle-local/.tmp/gradle_download14459884359094480610bin
Downloading https://libraries.minecraft.net/it/unimi/dsi/fastutil/8.5.12/fastutil-8.5.12.pom to /app/.gradle-local/.tmp/gradle_download8993577461499332275bin
Downloading https://libraries.minecraft.net/net/java/dev/jna/jna-platform/5.14.0/jna-platform-5.14.0.pom to /app/.gradle-local/.tmp/gradle_download12696449215927363361bin
Downloading https://libraries.minecraft.net/net/java/dev/jna/jna/5.14.0/jna-5.14.0.pom to /app/.gradle-local/.tmp/gradle_download10250505409907047762bin
Downloading https://libraries.minecraft.net/org/apache/commons/commons-compress/1.26.0/commons-compress-1.26.0.pom to /app/.gradle-local/.tmp/gradle_download6010688334498820213bin
Downloading https://maven.neoforged.net/releases/org/apache/commons/commons-parent/66/commons-parent-66.pom to /app/.gradle-local/.tmp/gradle_download15685835815650429812bin
Downloading https://libraries.minecraft.net/org/apache/httpcomponents/httpclient/4.5.13/httpclient-4.5.13.pom to /app/.gradle-local/.tmp/gradle_download8312026218645838784bin
Downloading https://maven.neoforged.net/releases/org/apache/httpcomponents/httpcomponents-client/4.5.13/httpcomponents-client-4.5.13.pom to /app/.gradle-local/.tmp/gradle_download17694438735928216179bin
Downloading https://maven.neoforged.net/releases/org/apache/httpcomponents/httpcomponents-parent/11/httpcomponents-parent-11.pom to /app/.gradle-local/.tmp/gradle_download13783148699770933276bin
Downloading https://libraries.minecraft.net/org/apache/httpcomponents/httpcore/4.4.16/httpcore-4.4.16.pom to /app/.gradle-local/.tmp/gradle_download3638433212960767068bin
Downloading https://maven.neoforged.net/releases/org/apache/httpcomponents/httpcomponents-core/4.4.16/httpcomponents-core-4.4.16.pom to /app/.gradle-local/.tmp/gradle_download14150083457111915778bin
Downloading https://libraries.minecraft.net/org/apache/logging/log4j/log4j-slf4j2-impl/2.22.1/log4j-slf4j2-impl-2.22.1.pom to /app/.gradle-local/.tmp/gradle_download15600570732076823065bin
Downloading https://libraries.minecraft.net/org/jcraft/jorbis/0.0.17/jorbis-0.0.17.pom to /app/.gradle-local/.tmp/gradle_download17069454005871057668bin
Downloading https://libraries.minecraft.net/org/joml/joml/1.10.5/joml-1.10.5.pom to /app/.gradle-local/.tmp/gradle_download8463930379131607476bin
Downloading https://libraries.minecraft.net/org/lwjgl/lwjgl-freetype/3.3.3/lwjgl-freetype-3.3.3.pom to /app/.gradle-local/.tmp/gradle_download8723641823464905019bin
Downloading https://libraries.minecraft.net/org/lwjgl/lwjgl-glfw/3.3.3/lwjgl-glfw-3.3.3.pom to /app/.gradle-local/.tmp/gradle_download13363439201076768476bin
Downloading https://libraries.minecraft.net/org/lwjgl/lwjgl-jemalloc/3.3.3/lwjgl-jemalloc-3.3.3.pom to /app/.gradle-local/.tmp/gradle_download18351091064077281011bin
Downloading https://libraries.minecraft.net/org/lwjgl/lwjgl-openal/3.3.3/lwjgl-openal-3.3.3.pom to /app/.gradle-local/.tmp/gradle_download10631077723488588257bin
Downloading https://libraries.minecraft.net/org/lwjgl/lwjgl-opengl/3.3.3/lwjgl-opengl-3.3.3.pom to /app/.gradle-local/.tmp/gradle_download17361364076819372961bin
Downloading https://libraries.minecraft.net/org/lwjgl/lwjgl-stb/3.3.3/lwjgl-stb-3.3.3.pom to /app/.gradle-local/.tmp/gradle_download15301066394934230186bin
Downloading https://libraries.minecraft.net/org/lwjgl/lwjgl-tinyfd/3.3.3/lwjgl-tinyfd-3.3.3.pom to /app/.gradle-local/.tmp/gradle_download1273904419044034263bin
Downloading https://libraries.minecraft.net/org/lwjgl/lwjgl/3.3.3/lwjgl-3.3.3.pom to /app/.gradle-local/.tmp/gradle_download5707892328338050999bin
Downloading https://libraries.minecraft.net/org/lz4/lz4-java/1.8.0/lz4-java-1.8.0.pom to /app/.gradle-local/.tmp/gradle_download15979069057582942820bin
Downloading https://maven.neoforged.net/releases/org/jline/jline-terminal/3.20.0/jline-terminal-3.20.0.pom to /app/.gradle-local/.tmp/gradle_download13322101253281936419bin
Downloading https://maven.neoforged.net/releases/org/checkerframework/checker-qual/3.33.0/checker-qual-3.33.0.pom to /app/.gradle-local/.tmp/gradle_download7071063893098254409bin
Downloading https://maven.neoforged.net/releases/org/checkerframework/checker-qual/3.33.0/checker-qual-3.33.0.module to /app/.gradle-local/.tmp/gradle_download17394848406597521013bin
Downloading https://maven.neoforged.net/releases/com/google/errorprone/error_prone_annotations/2.18.0/error_prone_annotations-2.18.0.pom to /app/.gradle-local/.tmp/gradle_download18034812547438022660bin
Downloading https://maven.neoforged.net/releases/com/google/errorprone/error_prone_parent/2.18.0/error_prone_parent-2.18.0.pom to /app/.gradle-local/.tmp/gradle_download15675874363787518414bin
Downloading https://maven.neoforged.net/releases/com/google/j2objc/j2objc-annotations/2.8/j2objc-annotations-2.8.pom to /app/.gradle-local/.tmp/gradle_download9829249200757308010bin
Downloading https://maven.neoforged.net/releases/net/neoforged/bus/8.0.5/bus-8.0.5.jar to /app/.gradle-local/.tmp/gradle_download11748004412724525943bin
Downloading https://maven.neoforged.net/releases/net/neoforged/accesstransformers/10.0.1/accesstransformers-10.0.1.jar to /app/.gradle-local/.tmp/gradle_download355905287065866060bin
Downloading https://maven.neoforged.net/releases/net/neoforged/fancymodloader/earlydisplay/4.0.43/earlydisplay-4.0.43.jar to /app/.gradle-local/.tmp/gradle_download6504496844493083869bin
Downloading https://maven.neoforged.net/releases/net/neoforged/coremods/7.0.3/coremods-7.0.3.jar to /app/.gradle-local/.tmp/gradle_download1288527317698448225bin
Downloading https://maven.neoforged.net/releases/cpw/mods/modlauncher/11.0.5/modlauncher-11.0.5.jar to /app/.gradle-local/.tmp/gradle_download1158647528725421963bin
Downloading https://maven.neoforged.net/releases/net/neoforged/mergetool/2.0.3/mergetool-2.0.3-api.jar to /app/.gradle-local/.tmp/gradle_download16950333320927780366bin
Downloading https://maven.neoforged.net/releases/net/neoforged/fancymodloader/loader/4.0.43/loader-4.0.43.jar to /app/.gradle-local/.tmp/gradle_download17506761763253355171bin
Downloading https://maven.neoforged.net/releases/com/electronwill/night-config/toml/3.8.3/toml-3.8.3.jar to /app/.gradle-local/.tmp/gradle_download2008489615314587666bin
Downloading https://maven.neoforged.net/releases/com/electronwill/night-config/core/3.8.3/core-3.8.3.jar to /app/.gradle-local/.tmp/gradle_download3122299733612410091bin
Downloading https://maven.neoforged.net/releases/net/neoforged/JarJarSelector/0.4.1/JarJarSelector-0.4.1.jar to /app/.gradle-local/.tmp/gradle_download12998011061243402125bin
Downloading https://maven.neoforged.net/releases/net/neoforged/JarJarMetadata/0.4.1/JarJarMetadata-0.4.1.jar to /app/.gradle-local/.tmp/gradle_download7681411408082220169bin
Downloading https://maven.neoforged.net/releases/net/jodah/typetools/0.6.3/typetools-0.6.3.jar to /app/.gradle-local/.tmp/gradle_download3126001414826580176bin
Downloading https://maven.neoforged.net/releases/net/minecrell/terminalconsoleappender/1.3.0/terminalconsoleappender-1.3.0.jar to /app/.gradle-local/.tmp/gradle_download10972072503552130228bin
Downloading https://maven.neoforged.net/releases/org/apache/maven/maven-artifact/3.8.5/maven-artifact-3.8.5.jar to /app/.gradle-local/.tmp/gradle_download6155186825019711282bin
Downloading https://maven.neoforged.net/releases/net/fabricmc/sponge-mixin/0.15.2+mixin.0.8.7/sponge-mixin-0.15.2+mixin.0.8.7.jar to /app/.gradle-local/.tmp/gradle_download13607970637267773570bin
Downloading https://libraries.minecraft.net/org/apache/commons/commons-lang3/3.14.0/commons-lang3-3.14.0.jar to /app/.gradle-local/.tmp/gradle_download15785286434825155442bin
Downloading https://maven.neoforged.net/releases/org/openjdk/nashorn/nashorn-core/15.4/nashorn-core-15.4.jar to /app/.gradle-local/.tmp/gradle_download14364618172193803053bin
Downloading https://maven.neoforged.net/releases/org/ow2/asm/asm-commons/9.10.1/asm-commons-9.10.1.jar to /app/.gradle-local/.tmp/gradle_download4752751627892020138bin
Downloading https://maven.neoforged.net/releases/cpw/mods/securejarhandler/3.0.8/securejarhandler-3.0.8.jar to /app/.gradle-local/.tmp/gradle_download11355527981539986443bin
Downloading https://maven.neoforged.net/releases/org/ow2/asm/asm-analysis/9.10.1/asm-analysis-9.10.1.jar to /app/.gradle-local/.tmp/gradle_download13168619403421261594bin
Downloading https://maven.neoforged.net/releases/org/ow2/asm/asm-util/9.10.1/asm-util-9.10.1.jar to /app/.gradle-local/.tmp/gradle_download11511231712577159369bin
Downloading https://maven.neoforged.net/releases/org/ow2/asm/asm-tree/9.10.1/asm-tree-9.10.1.jar to /app/.gradle-local/.tmp/gradle_download15041261035698057323bin
Downloading https://maven.neoforged.net/releases/org/ow2/asm/asm/9.10.1/asm-9.10.1.jar to /app/.gradle-local/.tmp/gradle_download11263112349172597578bin
Downloading https://maven.neoforged.net/releases/cpw/mods/bootstraplauncher/2.0.2/bootstraplauncher-2.0.2.jar to /app/.gradle-local/.tmp/gradle_download17692747487752424921bin
Downloading https://maven.neoforged.net/releases/net/neoforged/JarJarFileSystems/0.4.1/JarJarFileSystems-0.4.1.jar to /app/.gradle-local/.tmp/gradle_download7795652373369438964bin
Downloading https://maven.neoforged.net/releases/org/jetbrains/annotations/24.1.0/annotations-24.1.0.jar to /app/.gradle-local/.tmp/gradle_download8260342607422923951bin
Downloading https://maven.neoforged.net/releases/io/github/llamalad7/mixinextras-neoforge/0.5.3/mixinextras-neoforge-0.5.3.jar to /app/.gradle-local/.tmp/gradle_download1726279437845506206bin
Downloading https://libraries.minecraft.net/com/google/guava/guava/32.1.2-jre/guava-32.1.2-jre.jar to /app/.gradle-local/.tmp/gradle_download1699415923427009027bin
Downloading https://libraries.minecraft.net/org/apache/logging/log4j/log4j-core/2.22.1/log4j-core-2.22.1.jar to /app/.gradle-local/.tmp/gradle_download8229653259130964357bin
Downloading https://libraries.minecraft.net/ca/weblite/java-objc-bridge/1.1/java-objc-bridge-1.1.jar to /app/.gradle-local/.tmp/gradle_download9056901521949612534bin
Downloading https://libraries.minecraft.net/org/apache/logging/log4j/log4j-api/2.22.1/log4j-api-2.22.1.jar to /app/.gradle-local/.tmp/gradle_download17677396166634047101bin
Found locally available resource with matching checksum: [https://libraries.minecraft.net/com/google/code/gson/gson/2.10.1/gson-2.10.1.jar, /app/.gradle-local/caches/modules-2/files-2.1/com.google.code.gson/gson/2.10.1/b3add478d4382b78ea20b1671390a858002feb6c/gson-2.10.1.jar]
Downloading https://libraries.minecraft.net/com/mojang/logging/1.2.7/logging-1.2.7.jar to /app/.gradle-local/.tmp/gradle_download2140932108270916711bin
Downloading https://libraries.minecraft.net/org/slf4j/slf4j-api/2.0.9/slf4j-api-2.0.9.jar to /app/.gradle-local/.tmp/gradle_download16961520683419982646bin
Downloading https://maven.neoforged.net/releases/org/codehaus/plexus/plexus-utils/3.3.0/plexus-utils-3.3.0.jar to /app/.gradle-local/.tmp/gradle_download13487773732132869868bin
Downloading https://maven.neoforged.net/releases/org/antlr/antlr4-runtime/4.13.1/antlr4-runtime-4.13.1.jar to /app/.gradle-local/.tmp/gradle_download14016160308723887109bin
Downloading https://maven.neoforged.net/releases/org/jline/jline-reader/3.20.0/jline-reader-3.20.0.jar to /app/.gradle-local/.tmp/gradle_download8912641328446022243bin
Downloading https://maven.neoforged.net/releases/com/machinezoo/noexception/noexception/1.7.1/noexception-1.7.1.jar to /app/.gradle-local/.tmp/gradle_download16422607089348612647bin
Downloading https://libraries.minecraft.net/com/github/oshi/oshi-core/6.4.10/oshi-core-6.4.10.jar to /app/.gradle-local/.tmp/gradle_download5027645157061895080bin
Downloading https://libraries.minecraft.net/com/mojang/authlib/6.0.54/authlib-6.0.54.jar to /app/.gradle-local/.tmp/gradle_download18445543306993439846bin
Downloading https://libraries.minecraft.net/com/mojang/blocklist/1.0.10/blocklist-1.0.10.jar to /app/.gradle-local/.tmp/gradle_download8806922988067350572bin
Found locally available resource with matching checksum: [https://libraries.minecraft.net/com/google/guava/failureaccess/1.0.1/failureaccess-1.0.1.jar, /app/.gradle-local/caches/modules-2/files-2.1/com.google.guava/failureaccess/1.0.1/1dcf1de382a0bf95a3d8b0849546c88bac1292c9/failureaccess-1.0.1.jar]
Downloading https://libraries.minecraft.net/com/mojang/brigadier/1.3.10/brigadier-1.3.10.jar to /app/.gradle-local/.tmp/gradle_download12373488032527149677bin
Downloading https://libraries.minecraft.net/com/mojang/datafixerupper/8.0.16/datafixerupper-8.0.16.jar to /app/.gradle-local/.tmp/gradle_download3104713269235737203bin
Downloading https://libraries.minecraft.net/com/mojang/patchy/2.2.10/patchy-2.2.10.jar to /app/.gradle-local/.tmp/gradle_download12377503289924747183bin
Downloading https://libraries.minecraft.net/com/ibm/icu/icu4j/73.2/icu4j-73.2.jar to /app/.gradle-local/.tmp/gradle_download16083135281327380546bin
Downloading https://libraries.minecraft.net/com/mojang/text2speech/1.17.9/text2speech-1.17.9.jar to /app/.gradle-local/.tmp/gradle_download18070300694895550732bin
Downloading https://libraries.minecraft.net/commons-logging/commons-logging/1.2/commons-logging-1.2.jar to /app/.gradle-local/.tmp/gradle_download9886089952037033557bin
Downloading https://libraries.minecraft.net/commons-io/commons-io/2.15.1/commons-io-2.15.1.jar to /app/.gradle-local/.tmp/gradle_download14107009702529276889bin
Downloading https://libraries.minecraft.net/io/netty/netty-buffer/4.1.97.Final/netty-buffer-4.1.97.Final.jar to /app/.gradle-local/.tmp/gradle_download14475301228654902425bin
Downloading https://libraries.minecraft.net/io/netty/netty-codec/4.1.97.Final/netty-codec-4.1.97.Final.jar to /app/.gradle-local/.tmp/gradle_download5896743018605734471bin
Downloading https://libraries.minecraft.net/io/netty/netty-common/4.1.97.Final/netty-common-4.1.97.Final.jar to /app/.gradle-local/.tmp/gradle_download8967267991584228865bin
Found locally available resource with matching checksum: [https://libraries.minecraft.net/commons-codec/commons-codec/1.16.0/commons-codec-1.16.0.jar, /app/.gradle-local/caches/modules-2/files-2.1/commons-codec/commons-codec/1.16.0/4e3eb3d79888d76b54e28b350915b5dc3919c9de/commons-codec-1.16.0.jar]
Downloading https://libraries.minecraft.net/io/netty/netty-handler/4.1.97.Final/netty-handler-4.1.97.Final.jar to /app/.gradle-local/.tmp/gradle_download15382806687104917693bin
Downloading https://libraries.minecraft.net/io/netty/netty-resolver/4.1.97.Final/netty-resolver-4.1.97.Final.jar to /app/.gradle-local/.tmp/gradle_download5384556530297747021bin
Downloading https://libraries.minecraft.net/io/netty/netty-transport-classes-epoll/4.1.97.Final/netty-transport-classes-epoll-4.1.97.Final.jar to /app/.gradle-local/.tmp/gradle_download15742709712267798663bin
Downloading https://libraries.minecraft.net/io/netty/netty-transport-native-unix-common/4.1.97.Final/netty-transport-native-unix-common-4.1.97.Final.jar to /app/.gradle-local/.tmp/gradle_download2821484476281744377bin
Downloading https://libraries.minecraft.net/io/netty/netty-transport/4.1.97.Final/netty-transport-4.1.97.Final.jar to /app/.gradle-local/.tmp/gradle_download17558972795810153660bin
Downloading https://libraries.minecraft.net/net/java/dev/jna/jna-platform/5.14.0/jna-platform-5.14.0.jar to /app/.gradle-local/.tmp/gradle_download1214163386045883771bin
Downloading https://libraries.minecraft.net/net/java/dev/jna/jna/5.14.0/jna-5.14.0.jar to /app/.gradle-local/.tmp/gradle_download8386413050910311877bin
Downloading https://libraries.minecraft.net/org/apache/httpcomponents/httpclient/4.5.13/httpclient-4.5.13.jar to /app/.gradle-local/.tmp/gradle_download11292962546562856658bin
Downloading https://libraries.minecraft.net/org/apache/httpcomponents/httpcore/4.4.16/httpcore-4.4.16.jar to /app/.gradle-local/.tmp/gradle_download6307934657510325017bin
Downloading https://libraries.minecraft.net/it/unimi/dsi/fastutil/8.5.12/fastutil-8.5.12.jar to /app/.gradle-local/.tmp/gradle_download2716252122682747358bin
Downloading https://libraries.minecraft.net/org/apache/commons/commons-compress/1.26.0/commons-compress-1.26.0.jar to /app/.gradle-local/.tmp/gradle_download12407409024585516180bin
Downloading https://libraries.minecraft.net/org/apache/logging/log4j/log4j-slf4j2-impl/2.22.1/log4j-slf4j2-impl-2.22.1.jar to /app/.gradle-local/.tmp/gradle_download16602758207474561990bin
Downloading https://libraries.minecraft.net/org/joml/joml/1.10.5/joml-1.10.5.jar to /app/.gradle-local/.tmp/gradle_download3968433526599734560bin
Downloading https://libraries.minecraft.net/org/jcraft/jorbis/0.0.17/jorbis-0.0.17.jar to /app/.gradle-local/.tmp/gradle_download5396583840312844306bin
Downloading https://libraries.minecraft.net/org/lwjgl/lwjgl-freetype/3.3.3/lwjgl-freetype-3.3.3.jar to /app/.gradle-local/.tmp/gradle_download9948805134960890524bin
Downloading https://libraries.minecraft.net/org/lwjgl/lwjgl-glfw/3.3.3/lwjgl-glfw-3.3.3.jar to /app/.gradle-local/.tmp/gradle_download13101092478887297327bin
Downloading https://libraries.minecraft.net/org/lwjgl/lwjgl-jemalloc/3.3.3/lwjgl-jemalloc-3.3.3.jar to /app/.gradle-local/.tmp/gradle_download490947947975398615bin
Downloading https://libraries.minecraft.net/org/lwjgl/lwjgl-openal/3.3.3/lwjgl-openal-3.3.3.jar to /app/.gradle-local/.tmp/gradle_download1024864765822187183bin
Downloading https://libraries.minecraft.net/org/lwjgl/lwjgl-opengl/3.3.3/lwjgl-opengl-3.3.3.jar to /app/.gradle-local/.tmp/gradle_download2526870569651291156bin
Downloading https://libraries.minecraft.net/org/lwjgl/lwjgl-tinyfd/3.3.3/lwjgl-tinyfd-3.3.3.jar to /app/.gradle-local/.tmp/gradle_download12949123086569479151bin
Downloading https://libraries.minecraft.net/org/lwjgl/lwjgl-stb/3.3.3/lwjgl-stb-3.3.3.jar to /app/.gradle-local/.tmp/gradle_download3725507149391636247bin
Downloading https://libraries.minecraft.net/org/lwjgl/lwjgl/3.3.3/lwjgl-3.3.3.jar to /app/.gradle-local/.tmp/gradle_download10132807482059478237bin
Downloading https://libraries.minecraft.net/org/lz4/lz4-java/1.8.0/lz4-java-1.8.0.jar to /app/.gradle-local/.tmp/gradle_download1550746137170066389bin
Downloading https://maven.neoforged.net/releases/org/jline/jline-terminal/3.20.0/jline-terminal-3.20.0.jar to /app/.gradle-local/.tmp/gradle_download9481960609615404017bin
Downloading https://maven.neoforged.net/releases/org/checkerframework/checker-qual/3.33.0/checker-qual-3.33.0.jar to /app/.gradle-local/.tmp/gradle_download10020679674668357199bin
Downloading https://maven.neoforged.net/releases/com/google/j2objc/j2objc-annotations/2.8/j2objc-annotations-2.8.jar to /app/.gradle-local/.tmp/gradle_download2736719526150083513bin
Downloading https://maven.neoforged.net/releases/com/google/errorprone/error_prone_annotations/2.18.0/error_prone_annotations-2.18.0.jar to /app/.gradle-local/.tmp/gradle_download4906011935844087302bin
Downloading https://maven.neoforged.net/releases/net/neoforged/accesstransformers/at-modlauncher/10.0.1/at-modlauncher-10.0.1.pom to /app/.gradle-local/.tmp/gradle_download513239428738815381bin
Downloading https://maven.neoforged.net/releases/net/neoforged/accesstransformers/at-modlauncher/10.0.1/at-modlauncher-10.0.1.module to /app/.gradle-local/.tmp/gradle_download12671511625213718322bin
Downloading https://libraries.minecraft.net/commons-io/commons-io/2.11.0/commons-io-2.11.0.pom to /app/.gradle-local/.tmp/gradle_download12060092658784089094bin
Downloading https://maven.neoforged.net/releases/org/apache/commons/commons-parent/52/commons-parent-52.pom to /app/.gradle-local/.tmp/gradle_download665466876669824111bin
Downloading https://maven.neoforged.net/releases/org/apache/apache/23/apache-23.pom to /app/.gradle-local/.tmp/gradle_download5386422107480030153bin
Downloading https://maven.neoforged.net/releases/org/junit/junit-bom/5.7.2/junit-bom-5.7.2.pom to /app/.gradle-local/.tmp/gradle_download10956622635352380948bin
Downloading https://maven.neoforged.net/releases/org/junit/junit-bom/5.7.2/junit-bom-5.7.2.module to /app/.gradle-local/.tmp/gradle_download3684127824217079539bin
Downloading https://maven.neoforged.net/releases/net/minecraftforge/srgutils/0.4.15/srgutils-0.4.15.pom to /app/.gradle-local/.tmp/gradle_download13741278823685149111bin
Downloading https://maven.neoforged.net/releases/net/minecraftforge/srgutils/0.4.15/srgutils-0.4.15.module to /app/.gradle-local/.tmp/gradle_download3351415879851729467bin
Downloading https://libraries.minecraft.net/io/netty/netty-transport-native-epoll/4.1.97.Final/netty-transport-native-epoll-4.1.97.Final.pom to /app/.gradle-local/.tmp/gradle_download15743287444950755276bin
Downloading https://maven.neoforged.net/releases/net/neoforged/neoforge/21.1.248/neoforge-21.1.248-universal.jar to /app/.gradle-local/.tmp/gradle_download11794397734446420051bin
Downloading https://maven.neoforged.net/releases/net/neoforged/accesstransformers/at-modlauncher/10.0.1/at-modlauncher-10.0.1.jar to /app/.gradle-local/.tmp/gradle_download6935589286273573869bin
Downloading https://maven.neoforged.net/releases/net/neoforged/mergetool/2.0.0/mergetool-2.0.0-api.jar to /app/.gradle-local/.tmp/gradle_download14273061058532241900bin
Downloading https://maven.neoforged.net/releases/net/minecraftforge/srgutils/0.4.15/srgutils-0.4.15.jar to /app/.gradle-local/.tmp/gradle_download10405097758065178765bin
Downloading https://libraries.minecraft.net/org/lwjgl/lwjgl-freetype/3.3.3/lwjgl-freetype-3.3.3-natives-linux.jar to /app/.gradle-local/.tmp/gradle_download5440534026878372655bin
Downloading https://libraries.minecraft.net/org/lwjgl/lwjgl-glfw/3.3.3/lwjgl-glfw-3.3.3-natives-linux.jar to /app/.gradle-local/.tmp/gradle_download7259974944807880888bin
Downloading https://libraries.minecraft.net/org/lwjgl/lwjgl-jemalloc/3.3.3/lwjgl-jemalloc-3.3.3-natives-linux.jar to /app/.gradle-local/.tmp/gradle_download5465879615624526094bin
Downloading https://libraries.minecraft.net/org/lwjgl/lwjgl-stb/3.3.3/lwjgl-stb-3.3.3-natives-linux.jar to /app/.gradle-local/.tmp/gradle_download15679319922438846707bin
Downloading https://libraries.minecraft.net/org/lwjgl/lwjgl-openal/3.3.3/lwjgl-openal-3.3.3-natives-linux.jar to /app/.gradle-local/.tmp/gradle_download4215621384951873656bin
Downloading https://libraries.minecraft.net/org/lwjgl/lwjgl-tinyfd/3.3.3/lwjgl-tinyfd-3.3.3-natives-linux.jar to /app/.gradle-local/.tmp/gradle_download7317674016978447608bin
Downloading https://libraries.minecraft.net/org/lwjgl/lwjgl/3.3.3/lwjgl-3.3.3-natives-linux.jar to /app/.gradle-local/.tmp/gradle_download3819423911230437121bin
Downloading https://libraries.minecraft.net/io/netty/netty-transport-native-epoll/4.1.97.Final/netty-transport-native-epoll-4.1.97.Final-linux-aarch_64.jar to /app/.gradle-local/.tmp/gradle_download8842006935568468339bin
Downloading https://libraries.minecraft.net/io/netty/netty-transport-native-epoll/4.1.97.Final/netty-transport-native-epoll-4.1.97.Final-linux-x86_64.jar to /app/.gradle-local/.tmp/gradle_download15808648316137987364bin
Downloading https://libraries.minecraft.net/org/lwjgl/lwjgl-opengl/3.3.3/lwjgl-opengl-3.3.3-natives-linux.jar to /app/.gradle-local/.tmp/gradle_download13832712504424326774bin
Downloading https://maven.neoforged.net/releases/net/neoforged/neoform-runtime/1.0.13/neoform-runtime-1.0.13-all.jar to /app/.gradle-local/.tmp/gradle_download13264226521010179485bin
Downloading https://maven.neoforged.net/releases/org/parchmentmc/data/parchment-1.21.1/2024.11.17/parchment-1.21.1-2024.11.17.pom to /app/.gradle-local/.tmp/gradle_download3017262518725787825bin
Downloading https://maven.neoforged.net/releases/org/parchmentmc/data/parchment-1.21.1/2024.11.17/parchment-1.21.1-2024.11.17.zip to /app/.gradle-local/.tmp/gradle_download6353464132208224331bin
Caching disabled for task ':createMinecraftArtifacts' because:
  Build cache is disabled
  Implements its own caching
Task ':createMinecraftArtifacts' is not up-to-date because:
  No history is available.
Starting process 'command '/usr/lib/jvm/java-21-openjdk-amd64/bin/java''. Working directory: /app Command: /usr/lib/jvm/java-21-openjdk-amd64/bin/java -Dstderr.encoding=UTF-8 -Dstdout.encoding=UTF-8 -Dfile.encoding=UTF-8 -Duser.country -Duser.language=en -Duser.variant -jar /app/.gradle-local/caches/modules-2/files-2.1/net.neoforged/neoform-runtime/1.0.13/38bcae69da6c1918192c47187c6688e4a4c00a16/neoform-runtime-1.0.13-all.jar --home-dir /app/.gradle-local/caches/neoformruntime --work-dir /app/build/tmp/neoformruntime run --java-executable /usr/lib/jvm/java-21-openjdk-amd64/bin/java --access-transformer /app/src/main/resources/META-INF/accesstransformer.cfg --parchment-data /app/.gradle-local/caches/modules-2/files-2.1/org.parchmentmc.data/parchment-1.21.1/2024.11.17/2a561d23e368c371b4c578caa21ae0cf9c597392/parchment-1.21.1-2024.11.17.zip --parchment-conflict-prefix p_ --neoforge net.neoforged:neoforge:21.1.248:userdev --dist joined --write-result clientResources:/app/build/moddev/artifacts/neoforge-21.1.248-client-extra-aka-minecraft-resources.jar --write-result compiledWithNeoForge:/app/build/moddev/artifacts/neoforge-21.1.248.jar --write-result sourcesWithNeoForge:/app/build/moddev/artifacts/neoforge-21.1.248-sources.jar --write-result sourcesAndCompiledWithNeoForge:/app/build/moddev/artifacts/neoforge-21.1.248-merged.jar --artifact-manifest /app/build/tmp/createMinecraftArtifacts/nfrt_artifact_manifest.properties --warn-on-artifact-manifest-miss
Successfully started process 'command '/usr/lib/jvm/java-21-openjdk-amd64/bin/java''
Loaded 111 artifacts from /app/build/tmp/createMinecraftArtifacts/nfrt_artifact_manifest.properties
[1m*** Started working on [4mdownloadJson[0m[0m
  ↓ https://launchermeta.mojang.com/mc/game/version_manifest_v2.json
  ↓ https://piston-meta.mojang.com/v1/packages/f291c8193228de9a1eef964aa05586bd920967e4/1.21.1.json
 [1m[92m✓[0m Completed [4mdownloadJson[0m in 0.84s
[1m*** Started working on [4mdownloadClientMappings[0m[0m
[1m*** Started working on [4mdownloadServer[0m[0m
[1m*** Started working on [4mdownloadClient[0m[0m
[1m*** Started working on [4mlistLibraries[0m[0m
  ↓ https://piston-data.mojang.com/v1/objects/2244b6f072256667bcd9a73df124d6c58de77992/client.txt
  ↓ https://piston-data.mojang.com/v1/objects/30c73b1c5da787909b2f73340419fdf13b9def88/client.jar
  ↓ https://piston-data.mojang.com/v1/objects/59353fb40c36d304f2035d51e7d6e6baa98dc05c/server.jar
 [1m[92m✓[0m Completed [4mlistLibraries[0m in 0.07s
 [1m[92m✓[0m Completed [4mdownloadClientMappings[0m in 1.27s
[1m*** Started working on [4mmergeMappings[0m[0m
 ↳ Running external tool net.neoforged.installertools:installertools:2.1.2:fatjar
 [1m[92m✓[0m Completed [4mdownloadClient[0m in 2.18s
[1m*** Started working on [4mstripClient[0m[0m
 [1m[92m✓[0m Completed [4mdownloadServer[0m in 3.49s
[1m*** Started working on [4mextractServer[0m[0m
 ↳ Running external tool net.neoforged.installertools:installertools:2.1.2:fatjar
 [1m[92m✓[0m Completed [4mextractServer[0m in 1.38s
[1m*** Started working on [4mstripServer[0m[0m
 [1m[92m✓[0m Completed [4mstripClient[0m in 6.16s
 [1m[92m✓[0m Completed [4mstripServer[0m in 3.31s
[1m*** Started working on [4mmerge[0m[0m
 ↳ Running external tool net.neoforged:mergetool:2.0.3:fatjar
 [1m[92m✓[0m Completed [4mmergeMappings[0m in 9.46s
 [1m[92m✓[0m Completed [4mmerge[0m in 5.58s
[1m*** Started working on [4mrename[0m[0m
 ↳ Running external tool net.neoforged:AutoRenamingTool:2.0.3:all
 [1m[92m✓[0m Completed [4mrename[0m in 10.21s
[1m*** Started working on [4mdecompile[0m[0m
 ↳ Running external tool org.vineflower:vineflower:1.10.1
 [1m[92m✓[0m Completed [4mdecompile[0m in 86.51s
[1m*** Started working on [4minject[0m[0m
 [1m[92m✓[0m Completed [4minject[0m in 3.44s
[1m*** Started working on [4mpatch[0m[0m
 ↳ Running external tool io.codechicken:DiffPatch:2.0.0.36:all
 [1m[92m✓[0m Completed [4mpatch[0m in 3.86s
[1m*** Started working on [4mapplyNeoforgePatches[0m[0m
 ↳ Running external tool io.codechicken:DiffPatch:2.0.0.36:all
 [1m[92m✓[0m Completed [4mapplyNeoforgePatches[0m in 2.85s
[1m*** Started working on [4mtransformSources[0m[0m
 ↳ Running external tool net.neoforged.jst:jst-cli-bundle:1.0.66
 [1m[92m✓[0m Completed [4mtransformSources[0m in 18.98s
[1m*** Started working on [4mrecompile[0m[0m
 109 items on the compile classpath
 0 items on the sourcepath
[1m*** Started working on [4msourcesWithNeoForge[0m[0m
 Compiling 5364 source files
 [1m[92m✓[0m Completed [4msourcesWithNeoForge[0m in 4.70s
Copied 0 resource files
 [1m[92m✓[0m Completed [4mrecompile[0m in 47.96s
[1m*** Started working on [4mcompiledWithNeoForge[0m[0m
 [1m[92m✓[0m Completed [4mcompiledWithNeoForge[0m in 8.33s
[1m*** Started working on [4msourcesAndCompiledWithNeoForge[0m[0m
 [1m[92m✓[0m Completed [4msourcesAndCompiledWithNeoForge[0m in 3.78s
Total runtime: 203.73s

Resolve mutations for :compileJava (Thread[#86,included builds,5,main]) started.
:compileJava (Thread[#86,included builds,5,main]) started.

> Task :compileJava
Caching disabled for task ':compileJava' because:
  Build cache is disabled
Task ':compileJava' is not up-to-date because:
  No history is available.
The input changes require a full rebuild for incremental task ':compileJava'.
Full recompilation is required because no incremental change information is available. This is usually caused by clean builds or changing compiler arguments.
Compiling with toolchain '/usr/lib/jvm/java-21-openjdk-amd64'.
Compiling with JDK Java compiler API.
/app/src/main/java/org/betterx/betternether/commands/PlaceCommand.java:3: error: package org.betterx.bclib does not exist
import org.betterx.bclib.BCLib;
                        ^
/app/src/main/java/org/betterx/betternether/registry/NetherEntities.java:3: error: package org.betterx.bclib.api.v3.levelgen.biomes does not exist
import org.betterx.bclib.api.v3.levelgen.biomes.BCLBiomeBuilder;
                                               ^
/app/src/main/java/org/betterx/betternether/registry/NetherEntities.java:4: error: package org.betterx.bclib.api.v3.levelgen.biomes does not exist
import org.betterx.bclib.api.v3.levelgen.biomes.BiomeAPI;
                                               ^
/app/src/main/java/org/betterx/betternether/registry/NetherEntities.java:5: error: package org.betterx.bclib.entity does not exist
import org.betterx.bclib.entity.BCLEntityWrapper;
                               ^
/app/src/main/java/org/betterx/betternether/registry/NetherEntities.java:6: error: package org.betterx.bclib.interfaces does not exist
import org.betterx.bclib.interfaces.SpawnRule;
                                   ^
/app/src/main/java/org/betterx/betternether/registry/NetherEntities.java:11: error: package org.betterx.ui does not exist
import org.betterx.ui.ColorUtil;
                     ^
/app/src/main/java/org/betterx/betternether/registry/NetherEntities.java:29: error: cannot find symbol
import net.neoforged.neoforge.event.entity.SpawnPlacementRegisterEvent;
                                          ^
  symbol:   class SpawnPlacementRegisterEvent
  location: package net.neoforged.neoforge.event.entity
/app/src/main/java/org/betterx/betternether/registry/NetherEntities.java:30: error: package net.neoforged.neoforge.event.entity.SpawnPlacementRegisterEvent does not exist
import net.neoforged.neoforge.event.entity.SpawnPlacementRegisterEvent.Operation;
                                                                      ^
/app/src/main/java/org/betterx/betternether/registry/NetherEntities.java:31: error: package net.neoforged.neoforge.eventbus.api does not exist
import net.neoforged.neoforge.eventbus.api.SubscribeEvent;
                                          ^
/app/src/main/java/org/betterx/betternether/registry/NetherEntities.java:32: error: package net.neoforged.neoforge.fml.common does not exist
import net.neoforged.neoforge.fml.common.Mod;
                                        ^
/app/src/main/java/org/betterx/betternether/registry/NetherEntities.java:33: error: cannot find symbol
import net.neoforged.neoforge.registries.ForgeRegistries;
                                        ^
  symbol:   class ForgeRegistries
  location: package net.neoforged.neoforge.registries
/app/src/main/java/org/betterx/betternether/registry/NetherEntities.java:44: error: package Mod does not exist
@Mod.EventBusSubscriber(modid = BetterNether.MOD_ID, bus = Mod.EventBusSubscriber.Bus.MOD)
    ^
/app/src/main/java/org/betterx/betternether/world/NetherBiomeConfig.java:86: error: cannot find symbol
    protected abstract void addCustomBuildData(BCLBiomeBuilder builder);
                                               ^
  symbol:   class BCLBiomeBuilder
  location: class NetherBiomeConfig
/app/src/main/java/org/betterx/betternether/world/NetherBiomeConfig.java:88: error: cannot find symbol
    public abstract BiomeSupplier<NetherBiome> getSupplier();
                    ^
  symbol:   class BiomeSupplier
  location: class NetherBiomeConfig
/app/src/main/java/org/betterx/betternether/world/NetherBiome.java:3: error: package org.betterx.bclib.api.v3.levelgen.biomes does not exist
import org.betterx.bclib.api.v3.levelgen.biomes.BCLBiome;
                                               ^
/app/src/main/java/org/betterx/betternether/world/NetherBiome.java:4: error: package org.betterx.bclib.api.v3.levelgen.biomes does not exist
import org.betterx.bclib.api.v3.levelgen.biomes.BCLBiomeSettings;
                                               ^
/app/src/main/java/org/betterx/betternether/world/NetherBiome.java:18: error: cannot find symbol
public class NetherBiome extends BCLBiome {
                                 ^
  symbol: class BCLBiome
/app/src/main/java/org/betterx/betternether/world/NetherBiomeConfig.java:90: error: cannot find symbol
    public SurfaceRuleBuilder surface() {
           ^
  symbol:   class SurfaceRuleBuilder
  location: class NetherBiomeConfig
/app/src/main/java/org/betterx/betternether/world/NetherBiome.java:25: error: cannot find symbol
    public KeyDispatchDataCodec<? extends BCLBiome> codec() {
                                          ^
  symbol:   class BCLBiome
  location: class NetherBiome
/app/src/main/java/org/betterx/betternether/world/NetherBiome.java:55: error: cannot find symbol
    protected NetherBiome(ResourceKey<Biome> biomeID, BCLBiomeSettings settings) {
                                                      ^
  symbol:   class BCLBiomeSettings
  location: class NetherBiome
/app/src/main/java/org/betterx/betternether/registry/NetherEntities.java:66: error: cannot find symbol
        public BCLEntityWrapper wrapper;
               ^
  symbol:   class BCLEntityWrapper
  location: class KnownSpawnTypes
/app/src/main/java/org/betterx/betternether/registry/NetherEntities.java:72: error: cannot find symbol
        public void addSpawn(BCLBiomeBuilder builder, NetherBiomeConfig data) {
                             ^
  symbol:   class BCLBiomeBuilder
  location: class KnownSpawnTypes
/app/src/main/java/org/betterx/betternether/registry/NetherEntities.java:118: error: cannot find symbol
        <M extends Mob> KnownSpawnTypes(int w, int min, int max, BCLEntityWrapper type) {
                                                                 ^
  symbol:   class BCLEntityWrapper
  location: class KnownSpawnTypes
/app/src/main/java/org/betterx/betternether/registry/NetherEntities.java:126: error: cannot find symbol
        void setWrapper(BCLEntityWrapper wrapper) {
                        ^
  symbol:   class BCLEntityWrapper
  location: class KnownSpawnTypes
/app/src/main/java/org/betterx/betternether/registry/NetherEntities.java:135: error: cannot find symbol
    private static final List<BCLEntityWrapper<?>> NETHER_ENTITIES = Lists.newArrayList();
                              ^
  symbol:   class BCLEntityWrapper
  location: class NetherEntities
/app/src/main/java/org/betterx/betternether/entity/EntityNagaProjectile.java:17: error: package net.neoforged.neoforge.api.distmarker does not exist
import net.neoforged.neoforge.api.distmarker.Dist;
                                            ^
/app/src/main/java/org/betterx/betternether/entity/EntityNagaProjectile.java:18: error: package net.neoforged.neoforge.api.distmarker does not exist
import net.neoforged.neoforge.api.distmarker.OnlyIn;
                                            ^
/app/src/main/java/org/betterx/betternether/registry/NetherEntities.java:140: error: cannot find symbol
    public static BCLEntityWrapper<EntityFirefly> FIREFLY;
                  ^
  symbol:   class BCLEntityWrapper
  location: class NetherEntities
/app/src/main/java/org/betterx/betternether/entity/EntityFirefly.java:3: error: package org.betterx.bclib.entity does not exist
import org.betterx.bclib.entity.DespawnableAnimal;
                               ^
/app/src/main/java/org/betterx/betternether/entity/EntityFirefly.java:44: error: cannot find symbol
import net.minecraft.world.level.pathfinder.BlockPathTypes;
                                           ^
  symbol:   class BlockPathTypes
  location: package net.minecraft.world.level.pathfinder
/app/src/main/java/org/betterx/betternether/entity/EntityFirefly.java:52: error: cannot find symbol
public class EntityFirefly extends DespawnableAnimal implements FlyingAnimal {
                                   ^
  symbol: class DespawnableAnimal
/app/src/main/java/org/betterx/betternether/registry/NetherEntities.java:142: error: cannot find symbol
    public static BCLEntityWrapper<EntityHydrogenJellyfish> HYDROGEN_JELLYFISH;
                  ^
  symbol:   class BCLEntityWrapper
  location: class NetherEntities
/app/src/main/java/org/betterx/betternether/entity/EntityHydrogenJellyfish.java:3: error: package org.betterx.bclib.entity does not exist
import org.betterx.bclib.entity.DespawnableAnimal;
                               ^
/app/src/main/java/org/betterx/betternether/entity/EntityHydrogenJellyfish.java:34: error: cannot find symbol
public class EntityHydrogenJellyfish extends DespawnableAnimal implements FlyingAnimal {
                                             ^
  symbol: class DespawnableAnimal
/app/src/main/java/org/betterx/betternether/registry/NetherEntities.java:144: error: cannot find symbol
    public static BCLEntityWrapper<EntityNaga> NAGA;
                  ^
  symbol:   class BCLEntityWrapper
  location: class NetherEntities
/app/src/main/java/org/betterx/betternether/registry/NetherEntities.java:146: error: cannot find symbol
    public static BCLEntityWrapper<EntityFlyingPig> FLYING_PIG;
                  ^
  symbol:   class BCLEntityWrapper
  location: class NetherEntities
/app/src/main/java/org/betterx/betternether/entity/EntityFlyingPig.java:3: error: package org.betterx.bclib.entity does not exist
import org.betterx.bclib.entity.DespawnableAnimal;
                               ^
/app/src/main/java/org/betterx/betternether/entity/EntityFlyingPig.java:48: error: cannot find symbol
import net.minecraft.world.level.pathfinder.BlockPathTypes;
                                           ^
  symbol:   class BlockPathTypes
  location: package net.minecraft.world.level.pathfinder
/app/src/main/java/org/betterx/betternether/entity/EntityFlyingPig.java:57: error: cannot find symbol
public class EntityFlyingPig extends DespawnableAnimal implements FlyingAnimal {
                                     ^
  symbol: class DespawnableAnimal
/app/src/main/java/org/betterx/betternether/registry/NetherEntities.java:148: error: cannot find symbol
    public static BCLEntityWrapper<EntityJungleSkeleton> JUNGLE_SKELETON;
                  ^
  symbol:   class BCLEntityWrapper
  location: class NetherEntities
/app/src/main/java/org/betterx/betternether/registry/NetherEntities.java:150: error: cannot find symbol
    public static BCLEntityWrapper<EntitySkull> SKULL;
                  ^
  symbol:   class BCLEntityWrapper
  location: class NetherEntities
/app/src/main/java/org/betterx/betternether/entity/EntitySkull.java:28: error: cannot find symbol
import net.minecraft.world.level.pathfinder.BlockPathTypes;
                                           ^
  symbol:   class BlockPathTypes
  location: package net.minecraft.world.level.pathfinder
/app/src/main/java/org/betterx/betternether/entity/EntitySkull.java:32: error: package net.neoforged.neoforge.api.distmarker does not exist
import net.neoforged.neoforge.api.distmarker.Dist;
                                            ^
/app/src/main/java/org/betterx/betternether/entity/EntitySkull.java:33: error: package net.neoforged.neoforge.api.distmarker does not exist
import net.neoforged.neoforge.api.distmarker.OnlyIn;
                                            ^
/app/src/main/java/org/betterx/betternether/registry/NetherEntities.java:153: error: cannot find symbol
    private static <T extends Mob> BCLEntityWrapper<T> register(
                                   ^
  symbol:   class BCLEntityWrapper
  location: class NetherEntities
/app/src/main/java/org/betterx/betternether/registry/NetherEntities.java:239: error: cannot find symbol
    public static final SpawnRule RULE_FLOAT_NOT_ABOVE_LAVA = (type, world, spawnReason, pos, random) -> testSpawnAboveLava(
                        ^
  symbol:   class SpawnRule
  location: class NetherEntities
/app/src/main/java/org/betterx/betternether/registry/NetherEntities.java:244: error: cannot find symbol
    public static final SpawnRule RULE_FLOAT_ABOVE_LAVA = (type, world, spawnReason, pos, random) -> testSpawnAboveLava(
                        ^
  symbol:   class SpawnRule
  location: class NetherEntities
/app/src/main/java/org/betterx/betternether/registry/NetherEntities.java:270: error: cannot find symbol
    public static void onRegisterSpawnPlacements(SpawnPlacementRegisterEvent event) {
                                                 ^
  symbol:   class SpawnPlacementRegisterEvent
  location: class NetherEntities
/app/src/main/java/org/betterx/betternether/entity/EntitySkull.java:243: error: cannot find symbol
    public MobType getMobType() {
           ^
  symbol:   class MobType
  location: class EntitySkull
/app/src/main/java/org/betterx/betternether/entity/EntityNaga.java:69: error: cannot find symbol
    public MobType getMobType() {
           ^
  symbol:   class MobType
  location: class EntityNaga
/app/src/main/java/org/betterx/betternether/entity/EntityFirefly.java:148: error: cannot find symbol
    public MobType getMobType() {
           ^
  symbol:   class MobType
  location: class EntityFirefly
/app/src/main/java/org/betterx/betternether/world/structures/templates/Gardens.java:3: error: package org.betterx.bclib.api.v3.levelgen.structures does not exist
import org.betterx.bclib.api.v3.levelgen.structures.StructurePlacementType;
                                                   ^
/app/src/main/java/org/betterx/betternether/world/structures/templates/TemplateStructureHelper.java:3: error: package org.betterx.bclib.api.v3.levelgen.structures does not exist
import org.betterx.bclib.api.v3.levelgen.structures.StructurePlacementType;
                                                   ^
/app/src/main/java/org/betterx/betternether/world/structures/templates/TemplateStructureHelper.java:4: error: package org.betterx.bclib.api.v3.levelgen.structures does not exist
import org.betterx.bclib.api.v3.levelgen.structures.TemplateStructure;
                                                   ^
/app/src/main/java/org/betterx/betternether/world/structures/templates/TemplateStructureHelper.java:11: error: cannot find symbol
abstract class TemplateStructureHelper extends TemplateStructure {
                                               ^
  symbol: class TemplateStructure
/app/src/main/java/org/betterx/betternether/world/structures/templates/Gardens.java:14: error: cannot find symbol
    protected Gardens(StructureSettings structureSettings, List<Config> configs) {
                      ^
  symbol:   class StructureSettings
  location: class Gardens
/app/src/main/java/org/betterx/betternether/world/structures/templates/Gardens.java:14: error: cannot find symbol
    protected Gardens(StructureSettings structureSettings, List<Config> configs) {
                                                                ^
  symbol:   class Config
  location: class Gardens
/app/src/main/java/org/betterx/betternether/world/structures/templates/Gardens.java:18: error: cannot find symbol
    public Gardens(StructureSettings structureSettings) {
                   ^
  symbol:   class StructureSettings
  location: class Gardens
/app/src/main/java/org/betterx/betternether/world/structures/templates/TemplateStructureHelper.java:14: error: cannot find symbol
            StructureSettings structureSettings,
            ^
  symbol:   class StructureSettings
  location: class TemplateStructureHelper
/app/src/main/java/org/betterx/betternether/world/structures/templates/TemplateStructureHelper.java:17: error: cannot find symbol
            StructurePlacementType type,
            ^
  symbol:   class StructurePlacementType
  location: class TemplateStructureHelper
/app/src/main/java/org/betterx/betternether/world/structures/templates/TemplateStructureHelper.java:23: error: cannot find symbol
    protected TemplateStructureHelper(StructureSettings structureSettings, List<Config> configs) {
                                      ^
  symbol:   class StructureSettings
  location: class TemplateStructureHelper
/app/src/main/java/org/betterx/betternether/world/structures/templates/TemplateStructureHelper.java:23: error: cannot find symbol
    protected TemplateStructureHelper(StructureSettings structureSettings, List<Config> configs) {
                                                                                ^
  symbol:   class Config
  location: class TemplateStructureHelper
/app/src/main/java/org/betterx/betternether/world/structures/templates/TemplateStructureHelper.java:27: error: cannot find symbol
    public static TemplateStructure.Config cfg(String name, int offsetY, StructurePlacementType type, float chance) {
                                                                         ^
  symbol:   class StructurePlacementType
  location: class TemplateStructureHelper
/app/src/main/java/org/betterx/betternether/world/structures/templates/TemplateStructureHelper.java:27: error: package TemplateStructure does not exist
    public static TemplateStructure.Config cfg(String name, int offsetY, StructurePlacementType type, float chance) {
                                   ^
/app/src/main/java/org/betterx/betternether/world/structures/templates/GhastHive.java:3: error: package org.betterx.bclib.api.v3.levelgen.structures does not exist
import org.betterx.bclib.api.v3.levelgen.structures.StructurePlacementType;
                                                   ^
/app/src/main/java/org/betterx/betternether/world/structures/templates/GhastHive.java:14: error: cannot find symbol
    protected GhastHive(StructureSettings structureSettings, List<Config> configs) {
                        ^
  symbol:   class StructureSettings
  location: class GhastHive
/app/src/main/java/org/betterx/betternether/world/structures/templates/GhastHive.java:14: error: cannot find symbol
    protected GhastHive(StructureSettings structureSettings, List<Config> configs) {
                                                                  ^
  symbol:   class Config
  location: class GhastHive
/app/src/main/java/org/betterx/betternether/world/structures/templates/GhastHive.java:18: error: cannot find symbol
    public GhastHive(StructureSettings structureSettings) {
                     ^
  symbol:   class StructureSettings
  location: class GhastHive
/app/src/main/java/org/betterx/betternether/world/structures/templates/SpawnAltarLadder.java:3: error: package org.betterx.bclib.api.v3.levelgen.structures does not exist
import org.betterx.bclib.api.v3.levelgen.structures.StructurePlacementType;
                                                   ^
/app/src/main/java/org/betterx/betternether/world/structures/templates/SpawnAltarLadder.java:14: error: cannot find symbol
    protected SpawnAltarLadder(StructureSettings structureSettings, List<Config> configs) {
                               ^
  symbol:   class StructureSettings
  location: class SpawnAltarLadder
/app/src/main/java/org/betterx/betternether/world/structures/templates/SpawnAltarLadder.java:14: error: cannot find symbol
    protected SpawnAltarLadder(StructureSettings structureSettings, List<Config> configs) {
                                                                         ^
  symbol:   class Config
  location: class SpawnAltarLadder
/app/src/main/java/org/betterx/betternether/world/structures/templates/SpawnAltarLadder.java:18: error: cannot find symbol
    public SpawnAltarLadder(StructureSettings structureSettings) {
                            ^
  symbol:   class StructureSettings
  location: class SpawnAltarLadder
/app/src/main/java/org/betterx/betternether/world/structures/templates/Pyramids.java:3: error: package org.betterx.bclib.api.v3.levelgen.structures does not exist
import org.betterx.bclib.api.v3.levelgen.structures.StructurePlacementType;
                                                   ^
/app/src/main/java/org/betterx/betternether/world/structures/templates/Pyramids.java:14: error: cannot find symbol
    protected Pyramids(StructureSettings structureSettings, List<Config> configs) {
                       ^
  symbol:   class StructureSettings
  location: class Pyramids
/app/src/main/java/org/betterx/betternether/world/structures/templates/Pyramids.java:14: error: cannot find symbol
    protected Pyramids(StructureSettings structureSettings, List<Config> configs) {
                                                                 ^
  symbol:   class Config
  location: class Pyramids
/app/src/main/java/org/betterx/betternether/world/structures/templates/Pyramids.java:18: error: cannot find symbol
    public Pyramids(StructureSettings structureSettings) {
                    ^
  symbol:   class StructureSettings
  location: class Pyramids
/app/src/main/java/org/betterx/betternether/world/structures/templates/Altars.java:3: error: package org.betterx.bclib.api.v3.levelgen.structures does not exist
import org.betterx.bclib.api.v3.levelgen.structures.StructurePlacementType;
                                                   ^
/app/src/main/java/org/betterx/betternether/world/structures/templates/Altars.java:14: error: cannot find symbol
    protected Altars(StructureSettings structureSettings, List<Config> configs) {
                     ^
  symbol:   class StructureSettings
  location: class Altars
/app/src/main/java/org/betterx/betternether/world/structures/templates/Altars.java:14: error: cannot find symbol
    protected Altars(StructureSettings structureSettings, List<Config> configs) {
                                                               ^
  symbol:   class Config
  location: class Altars
/app/src/main/java/org/betterx/betternether/world/structures/templates/Altars.java:18: error: cannot find symbol
    public Altars(StructureSettings structureSettings) {
                  ^
  symbol:   class StructureSettings
  location: class Altars
/app/src/main/java/org/betterx/betternether/world/structures/templates/Pillars.java:3: error: package org.betterx.bclib.api.v3.levelgen.structures does not exist
import org.betterx.bclib.api.v3.levelgen.structures.StructurePlacementType;
                                                   ^
/app/src/main/java/org/betterx/betternether/world/structures/templates/Pillars.java:14: error: cannot find symbol
    protected Pillars(StructureSettings structureSettings, List<Config> configs) {
                      ^
  symbol:   class StructureSettings
  location: class Pillars
/app/src/main/java/org/betterx/betternether/world/structures/templates/Pillars.java:14: error: cannot find symbol
    protected Pillars(StructureSettings structureSettings, List<Config> configs) {
                                                                ^
  symbol:   class Config
  location: class Pillars
/app/src/main/java/org/betterx/betternether/world/structures/templates/Pillars.java:18: error: cannot find symbol
    public Pillars(StructureSettings structureSettings) {
                   ^
  symbol:   class StructureSettings
  location: class Pillars
/app/src/main/java/org/betterx/betternether/world/structures/templates/RespawnPoints.java:3: error: package org.betterx.bclib.api.v3.levelgen.structures does not exist
import org.betterx.bclib.api.v3.levelgen.structures.StructurePlacementType;
                                                   ^
/app/src/main/java/org/betterx/betternether/world/structures/templates/RespawnPoints.java:14: error: cannot find symbol
    protected RespawnPoints(StructureSettings structureSettings, List<Config> configs) {
                            ^
  symbol:   class StructureSettings
  location: class RespawnPoints
/app/src/main/java/org/betterx/betternether/world/structures/templates/RespawnPoints.java:14: error: cannot find symbol
    protected RespawnPoints(StructureSettings structureSettings, List<Config> configs) {
                                                                      ^
  symbol:   class Config
  location: class RespawnPoints
/app/src/main/java/org/betterx/betternether/world/structures/templates/RespawnPoints.java:18: error: cannot find symbol
    public RespawnPoints(StructureSettings structureSettings) {
                         ^
  symbol:   class StructureSettings
  location: class RespawnPoints
/app/src/main/java/org/betterx/betternether/world/structures/templates/Portals.java:3: error: package org.betterx.bclib.api.v3.levelgen.structures does not exist
import org.betterx.bclib.api.v3.levelgen.structures.StructurePlacementType;
                                                   ^
/app/src/main/java/org/betterx/betternether/world/structures/templates/Portals.java:14: error: cannot find symbol
    protected Portals(StructureSettings structureSettings, List<Config> configs) {
                      ^
  symbol:   class StructureSettings
  location: class Portals
/app/src/main/java/org/betterx/betternether/world/structures/templates/Portals.java:14: error: cannot find symbol
    protected Portals(StructureSettings structureSettings, List<Config> configs) {
                                                                ^
  symbol:   class Config
  location: class Portals
/app/src/main/java/org/betterx/betternether/world/structures/templates/Portals.java:18: error: cannot find symbol
    public Portals(StructureSettings structureSettings) {
                   ^
  symbol:   class StructureSettings
  location: class Portals
/app/src/main/java/org/betterx/betternether/world/structures/templates/JungleTemples.java:3: error: package org.betterx.bclib.api.v3.levelgen.structures does not exist
import org.betterx.bclib.api.v3.levelgen.structures.StructurePlacementType;
                                                   ^
/app/src/main/java/org/betterx/betternether/world/structures/templates/JungleTemples.java:14: error: cannot find symbol
    protected JungleTemples(StructureSettings structureSettings, List<Config> configs) {
                            ^
  symbol:   class StructureSettings
  location: class JungleTemples
/app/src/main/java/org/betterx/betternether/world/structures/templates/JungleTemples.java:14: error: cannot find symbol
    protected JungleTemples(StructureSettings structureSettings, List<Config> configs) {
                                                                      ^
  symbol:   class Config
  location: class JungleTemples
/app/src/main/java/org/betterx/betternether/world/structures/templates/JungleTemples.java:18: error: cannot find symbol
    public JungleTemples(StructureSettings structureSettings) {
                         ^
  symbol:   class StructureSettings
  location: class JungleTemples
/app/src/main/java/org/betterx/betternether/world/structures/NetherStructureNBT.java:3: error: package org.betterx.bclib.api.v3.levelgen.structures does not exist
import org.betterx.bclib.api.v3.levelgen.structures.StructureNBT;
                                                   ^
/app/src/main/java/org/betterx/betternether/world/structures/NetherStructureNBT.java:14: error: cannot find symbol
public class NetherStructureNBT extends StructureNBT {
                                        ^
  symbol: class StructureNBT
/app/src/main/java/org/betterx/betternether/world/structures/StructureCaves.java:3: error: package org.betterx.bclib.util does not exist
import org.betterx.bclib.util.BlocksHelper;
                             ^
/app/src/main/java/org/betterx/betternether/world/structures/city/palette/Palettes.java:3: error: package org.betterx.bclib.complexmaterials does not exist
import org.betterx.bclib.complexmaterials.WoodenComplexMaterial;
                                         ^
/app/src/main/java/org/betterx/betternether/commands/CommandRegistry.java:324: warning: [removal] BIOME_INFO_NOISE in Biome has been deprecated and marked for removal
                double v = Biome.BIOME_INFO_NOISE.getValue(
                                ^
Note: Some input files use or override a deprecated API.
Note: Recompile with -Xlint:deprecation for details.
Note: Some input files use unchecked or unsafe operations.
Note: Recompile with -Xlint:unchecked for details.
Note: Some messages have been simplified; recompile with -Xdiags:verbose to get full output
100 errors
1 warning
only showing the first 100 errors, of 4018 total; use -Xmaxerrs if you would like to see more

> Task :compileJava FAILED

FAILURE: Build failed with an exception.

* What went wrong:
Execution failed for task ':compileJava'.
> Compilation failed; see the compiler error output for details.

* Try:
> Run with --scan to get full insights.

* Exception is:
org.gradle.api.tasks.TaskExecutionException: Execution failed for task ':compileJava'.
	at org.gradle.api.internal.tasks.execution.ExecuteActionsTaskExecuter.lambda$executeIfValid$1(ExecuteActionsTaskExecuter.java:130)
	at org.gradle.internal.Try$Failure.ifSuccessfulOrElse(Try.java:282)
	at org.gradle.api.internal.tasks.execution.ExecuteActionsTaskExecuter.executeIfValid(ExecuteActionsTaskExecuter.java:128)
	at org.gradle.api.internal.tasks.execution.ExecuteActionsTaskExecuter.execute(ExecuteActionsTaskExecuter.java:116)
	at org.gradle.api.internal.tasks.execution.FinalizePropertiesTaskExecuter.execute(FinalizePropertiesTaskExecuter.java:46)
	at org.gradle.api.internal.tasks.execution.ResolveTaskExecutionModeExecuter.execute(ResolveTaskExecutionModeExecuter.java:51)
	at org.gradle.api.internal.tasks.execution.SkipTaskWithNoActionsExecuter.execute(SkipTaskWithNoActionsExecuter.java:57)
	at org.gradle.api.internal.tasks.execution.SkipOnlyIfTaskExecuter.execute(SkipOnlyIfTaskExecuter.java:74)
	at org.gradle.api.internal.tasks.execution.CatchExceptionTaskExecuter.execute(CatchExceptionTaskExecuter.java:36)
	at org.gradle.api.internal.tasks.execution.EventFiringTaskExecuter$1.executeTask(EventFiringTaskExecuter.java:77)
	at org.gradle.api.internal.tasks.execution.EventFiringTaskExecuter$1.call(EventFiringTaskExecuter.java:55)
	at org.gradle.api.internal.tasks.execution.EventFiringTaskExecuter$1.call(EventFiringTaskExecuter.java:52)
	at org.gradle.internal.operations.DefaultBuildOperationRunner$CallableBuildOperationWorker.execute(DefaultBuildOperationRunner.java:209)
	at org.gradle.internal.operations.DefaultBuildOperationRunner$CallableBuildOperationWorker.execute(DefaultBuildOperationRunner.java:204)
	at org.gradle.internal.operations.DefaultBuildOperationRunner$2.execute(DefaultBuildOperationRunner.java:66)
	at org.gradle.internal.operations.DefaultBuildOperationRunner$2.execute(DefaultBuildOperationRunner.java:59)
	at org.gradle.internal.operations.DefaultBuildOperationRunner.execute(DefaultBuildOperationRunner.java:166)
	at org.gradle.internal.operations.DefaultBuildOperationRunner.execute(DefaultBuildOperationRunner.java:59)
	at org.gradle.internal.operations.DefaultBuildOperationRunner.call(DefaultBuildOperationRunner.java:53)
	at org.gradle.api.internal.tasks.execution.EventFiringTaskExecuter.execute(EventFiringTaskExecuter.java:52)
	at org.gradle.execution.plan.LocalTaskNodeExecutor.execute(LocalTaskNodeExecutor.java:42)
	at org.gradle.execution.taskgraph.DefaultTaskExecutionGraph$InvokeNodeExecutorsAction.execute(DefaultTaskExecutionGraph.java:331)
	at org.gradle.execution.taskgraph.DefaultTaskExecutionGraph$InvokeNodeExecutorsAction.execute(DefaultTaskExecutionGraph.java:318)
	at org.gradle.execution.taskgraph.DefaultTaskExecutionGraph$BuildOperationAwareExecutionAction.lambda$execute$0(DefaultTaskExecutionGraph.java:314)
	at org.gradle.internal.operations.CurrentBuildOperationRef.with(CurrentBuildOperationRef.java:80)
	at org.gradle.execution.taskgraph.DefaultTaskExecutionGraph$BuildOperationAwareExecutionAction.execute(DefaultTaskExecutionGraph.java:314)
	at org.gradle.execution.taskgraph.DefaultTaskExecutionGraph$BuildOperationAwareExecutionAction.execute(DefaultTaskExecutionGraph.java:303)
	at org.gradle.execution.plan.DefaultPlanExecutor$ExecutorWorker.execute(DefaultPlanExecutor.java:463)
	at org.gradle.execution.plan.DefaultPlanExecutor$ExecutorWorker.run(DefaultPlanExecutor.java:380)
	at org.gradle.execution.plan.DefaultPlanExecutor.process(DefaultPlanExecutor.java:116)
	at org.gradle.execution.taskgraph.DefaultTaskExecutionGraph.executeWithServices(DefaultTaskExecutionGraph.java:138)
	at org.gradle.execution.taskgraph.DefaultTaskExecutionGraph.execute(DefaultTaskExecutionGraph.java:123)
	at org.gradle.execution.SelectedTaskExecutionAction.execute(SelectedTaskExecutionAction.java:35)
	at org.gradle.execution.DryRunBuildExecutionAction.execute(DryRunBuildExecutionAction.java:51)
	at org.gradle.execution.BuildOperationFiringBuildWorkerExecutor$ExecuteTasks.call(BuildOperationFiringBuildWorkerExecutor.java:54)
	at org.gradle.execution.BuildOperationFiringBuildWorkerExecutor$ExecuteTasks.call(BuildOperationFiringBuildWorkerExecutor.java:43)
	at org.gradle.internal.operations.DefaultBuildOperationRunner$CallableBuildOperationWorker.execute(DefaultBuildOperationRunner.java:209)
	at org.gradle.internal.operations.DefaultBuildOperationRunner$CallableBuildOperationWorker.execute(DefaultBuildOperationRunner.java:204)
	at org.gradle.internal.operations.DefaultBuildOperationRunner$2.execute(DefaultBuildOperationRunner.java:66)
	at org.gradle.internal.operations.DefaultBuildOperationRunner$2.execute(DefaultBuildOperationRunner.java:59)
	at org.gradle.internal.operations.DefaultBuildOperationRunner.execute(DefaultBuildOperationRunner.java:166)
	at org.gradle.internal.operations.DefaultBuildOperationRunner.execute(DefaultBuildOperationRunner.java:59)
	at org.gradle.internal.operations.DefaultBuildOperationRunner.call(DefaultBuildOperationRunner.java:53)
	at org.gradle.execution.BuildOperationFiringBuildWorkerExecutor.execute(BuildOperationFiringBuildWorkerExecutor.java:40)
	at org.gradle.internal.build.DefaultBuildLifecycleController.lambda$executeTasks$10(DefaultBuildLifecycleController.java:313)
	at org.gradle.internal.model.StateTransitionController.doTransition(StateTransitionController.java:266)
	at org.gradle.internal.model.StateTransitionController.lambda$tryTransition$8(StateTransitionController.java:177)
	at org.gradle.internal.work.DefaultSynchronizer.withLock(DefaultSynchronizer.java:44)
	at org.gradle.internal.model.StateTransitionController.tryTransition(StateTransitionController.java:177)
	at org.gradle.internal.build.DefaultBuildLifecycleController.executeTasks(DefaultBuildLifecycleController.java:304)
	at org.gradle.internal.build.DefaultBuildWorkGraphController$DefaultBuildWorkGraph.runWork(DefaultBuildWorkGraphController.java:220)
	at org.gradle.internal.work.DefaultWorkerLeaseService.withLocks(DefaultWorkerLeaseService.java:264)
	at org.gradle.internal.work.DefaultWorkerLeaseService.runAsWorkerThread(DefaultWorkerLeaseService.java:128)
	at org.gradle.composite.internal.DefaultBuildController.doRun(DefaultBuildController.java:181)
	at org.gradle.composite.internal.DefaultBuildController.access$000(DefaultBuildController.java:50)
	at org.gradle.composite.internal.DefaultBuildController$BuildOpRunnable.lambda$run$0(DefaultBuildController.java:198)
	at org.gradle.internal.operations.CurrentBuildOperationRef.with(CurrentBuildOperationRef.java:80)
	at org.gradle.composite.internal.DefaultBuildController$BuildOpRunnable.run(DefaultBuildController.java:198)
	at org.gradle.internal.concurrent.ExecutorPolicy$CatchAndRecordFailures.onExecute(ExecutorPolicy.java:64)
	at org.gradle.internal.concurrent.AbstractManagedExecutor$1.run(AbstractManagedExecutor.java:47)
Caused by: org.gradle.api.internal.tasks.compile.CompilationFailedException: Compilation failed; see the compiler error output for details.
	at org.gradle.api.internal.tasks.compile.JdkJavaCompiler.execute(JdkJavaCompiler.java:61)
	at org.gradle.api.internal.tasks.compile.JdkJavaCompiler.execute(JdkJavaCompiler.java:41)
	at org.gradle.api.internal.tasks.compile.NormalizingJavaCompiler.delegateAndHandleErrors(NormalizingJavaCompiler.java:98)
	at org.gradle.api.internal.tasks.compile.NormalizingJavaCompiler.execute(NormalizingJavaCompiler.java:52)
	at org.gradle.api.internal.tasks.compile.NormalizingJavaCompiler.execute(NormalizingJavaCompiler.java:38)
	at org.gradle.api.internal.tasks.compile.AnnotationProcessorDiscoveringCompiler.execute(AnnotationProcessorDiscoveringCompiler.java:52)
	at org.gradle.api.internal.tasks.compile.AnnotationProcessorDiscoveringCompiler.execute(AnnotationProcessorDiscoveringCompiler.java:38)
	at org.gradle.api.internal.tasks.compile.ModuleApplicationNameWritingCompiler.execute(ModuleApplicationNameWritingCompiler.java:46)
	at org.gradle.api.internal.tasks.compile.ModuleApplicationNameWritingCompiler.execute(ModuleApplicationNameWritingCompiler.java:36)
	at org.gradle.jvm.toolchain.internal.DefaultToolchainJavaCompiler.execute(DefaultToolchainJavaCompiler.java:57)
	at org.gradle.api.tasks.compile.JavaCompile.lambda$createToolchainCompiler$3(JavaCompile.java:202)
	at org.gradle.api.internal.tasks.compile.CleaningJavaCompiler.execute(CleaningJavaCompiler.java:53)
	at org.gradle.api.internal.tasks.compile.incremental.IncrementalCompilerFactory.lambda$createRebuildAllCompiler$0(IncrementalCompilerFactory.java:52)
	at org.gradle.api.internal.tasks.compile.incremental.SelectiveCompiler.execute(SelectiveCompiler.java:70)
	at org.gradle.api.internal.tasks.compile.incremental.SelectiveCompiler.execute(SelectiveCompiler.java:44)
	at org.gradle.api.internal.tasks.compile.incremental.IncrementalResultStoringCompiler.execute(IncrementalResultStoringCompiler.java:66)
	at org.gradle.api.internal.tasks.compile.incremental.IncrementalResultStoringCompiler.execute(IncrementalResultStoringCompiler.java:52)
	at org.gradle.api.internal.tasks.compile.CompileJavaBuildOperationReportingCompiler$1.call(CompileJavaBuildOperationReportingCompiler.java:64)
	at org.gradle.api.internal.tasks.compile.CompileJavaBuildOperationReportingCompiler$1.call(CompileJavaBuildOperationReportingCompiler.java:48)
	at org.gradle.internal.operations.DefaultBuildOperationRunner$CallableBuildOperationWorker.execute(DefaultBuildOperationRunner.java:209)
	at org.gradle.internal.operations.DefaultBuildOperationRunner$CallableBuildOperationWorker.execute(DefaultBuildOperationRunner.java:204)
	at org.gradle.internal.operations.DefaultBuildOperationRunner$2.execute(DefaultBuildOperationRunner.java:66)
	at org.gradle.internal.operations.DefaultBuildOperationRunner$2.execute(DefaultBuildOperationRunner.java:59)
	at org.gradle.internal.operations.DefaultBuildOperationRunner.execute(DefaultBuildOperationRunner.java:166)
	at org.gradle.internal.operations.DefaultBuildOperationRunner.execute(DefaultBuildOperationRunner.java:59)
	at org.gradle.internal.operations.DefaultBuildOperationRunner.call(DefaultBuildOperationRunner.java:53)
	at org.gradle.api.internal.tasks.compile.CompileJavaBuildOperationReportingCompiler.execute(CompileJavaBuildOperationReportingCompiler.java:48)
	at org.gradle.api.tasks.compile.JavaCompile.performCompilation(JavaCompile.java:220)
	at org.gradle.api.tasks.compile.JavaCompile.performIncrementalCompilation(JavaCompile.java:161)
	at org.gradle.api.tasks.compile.JavaCompile.compile(JavaCompile.java:146)
	at java.base/jdk.internal.reflect.DirectMethodHandleAccessor.invoke(DirectMethodHandleAccessor.java:103)
	at org.gradle.internal.reflect.JavaMethod.invoke(JavaMethod.java:125)
	at org.gradle.api.internal.project.taskfactory.IncrementalTaskAction.doExecute(IncrementalTaskAction.java:45)
	at org.gradle.api.internal.project.taskfactory.StandardTaskAction.execute(StandardTaskAction.java:51)
	at org.gradle.api.internal.project.taskfactory.IncrementalTaskAction.execute(IncrementalTaskAction.java:26)
	at org.gradle.api.internal.project.taskfactory.StandardTaskAction.execute(StandardTaskAction.java:29)
	at org.gradle.api.internal.tasks.execution.TaskExecution$3.run(TaskExecution.java:244)
	at org.gradle.internal.operations.DefaultBuildOperationRunner$1.execute(DefaultBuildOperationRunner.java:29)
	at org.gradle.internal.operations.DefaultBuildOperationRunner$1.execute(DefaultBuildOperationRunner.java:26)
	at org.gradle.internal.operations.DefaultBuildOperationRunner$2.execute(DefaultBuildOperationRunner.java:66)
	at org.gradle.internal.operations.DefaultBuildOperationRunner$2.execute(DefaultBuildOperationRunner.java:59)
	at org.gradle.internal.operations.DefaultBuildOperationRunner.execute(DefaultBuildOperationRunner.java:166)
	at org.gradle.internal.operations.DefaultBuildOperationRunner.execute(DefaultBuildOperationRunner.java:59)
	at org.gradle.internal.operations.DefaultBuildOperationRunner.run(DefaultBuildOperationRunner.java:47)
	at org.gradle.api.internal.tasks.execution.TaskExecution.executeAction(TaskExecution.java:229)
	at org.gradle.api.internal.tasks.execution.TaskExecution.executeActions(TaskExecution.java:212)
	at org.gradle.api.internal.tasks.execution.TaskExecution.executeWithPreviousOutputFiles(TaskExecution.java:195)
	at org.gradle.api.internal.tasks.execution.TaskExecution.execute(TaskExecution.java:162)
	at org.gradle.internal.execution.steps.ExecuteStep.executeInternal(ExecuteStep.java:105)
	at org.gradle.internal.execution.steps.ExecuteStep.access$000(ExecuteStep.java:44)
	at org.gradle.internal.execution.steps.ExecuteStep$1.call(ExecuteStep.java:59)
	at org.gradle.internal.execution.steps.ExecuteStep$1.call(ExecuteStep.java:56)
	at org.gradle.internal.operations.DefaultBuildOperationRunner$CallableBuildOperationWorker.execute(DefaultBuildOperationRunner.java:209)
	at org.gradle.internal.operations.DefaultBuildOperationRunner$CallableBuildOperationWorker.execute(DefaultBuildOperationRunner.java:204)
	at org.gradle.internal.operations.DefaultBuildOperationRunner$2.execute(DefaultBuildOperationRunner.java:66)
	at org.gradle.internal.operations.DefaultBuildOperationRunner$2.execute(DefaultBuildOperationRunner.java:59)
	at org.gradle.internal.operations.DefaultBuildOperationRunner.execute(DefaultBuildOperationRunner.java:166)
	at org.gradle.internal.operations.DefaultBuildOperationRunner.execute(DefaultBuildOperationRunner.java:59)
	at org.gradle.internal.operations.DefaultBuildOperationRunner.call(DefaultBuildOperationRunner.java:53)
	at org.gradle.internal.execution.steps.ExecuteStep.execute(ExecuteStep.java:56)
	at org.gradle.internal.execution.steps.ExecuteStep.execute(ExecuteStep.java:44)
	at org.gradle.internal.execution.steps.CancelExecutionStep.execute(CancelExecutionStep.java:41)
	at org.gradle.internal.execution.steps.TimeoutStep.executeWithoutTimeout(TimeoutStep.java:74)
	at org.gradle.internal.execution.steps.TimeoutStep.execute(TimeoutStep.java:55)
	at org.gradle.internal.execution.steps.PreCreateOutputParentsStep.execute(PreCreateOutputParentsStep.java:50)
	at org.gradle.internal.execution.steps.PreCreateOutputParentsStep.execute(PreCreateOutputParentsStep.java:28)
	at org.gradle.internal.execution.steps.RemovePreviousOutputsStep.execute(RemovePreviousOutputsStep.java:67)
	at org.gradle.internal.execution.steps.RemovePreviousOutputsStep.execute(RemovePreviousOutputsStep.java:37)
	at org.gradle.internal.execution.steps.BroadcastChangingOutputsStep.execute(BroadcastChangingOutputsStep.java:61)
	at org.gradle.internal.execution.steps.BroadcastChangingOutputsStep.execute(BroadcastChangingOutputsStep.java:26)
	at org.gradle.internal.execution.steps.CaptureOutputsAfterExecutionStep.execute(CaptureOutputsAfterExecutionStep.java:67)
	at org.gradle.internal.execution.steps.CaptureOutputsAfterExecutionStep.execute(CaptureOutputsAfterExecutionStep.java:45)
	at org.gradle.internal.execution.steps.ResolveInputChangesStep.execute(ResolveInputChangesStep.java:40)
	at org.gradle.internal.execution.steps.ResolveInputChangesStep.execute(ResolveInputChangesStep.java:29)
	at org.gradle.internal.execution.steps.BuildCacheStep.executeWithoutCache(BuildCacheStep.java:189)
	at org.gradle.internal.execution.steps.BuildCacheStep.lambda$execute$1(BuildCacheStep.java:75)
	at org.gradle.internal.Either$Right.fold(Either.java:175)
	at org.gradle.internal.execution.caching.CachingState.fold(CachingState.java:62)
	at org.gradle.internal.execution.steps.BuildCacheStep.execute(BuildCacheStep.java:73)
	at org.gradle.internal.execution.steps.BuildCacheStep.execute(BuildCacheStep.java:48)
	at org.gradle.internal.execution.steps.StoreExecutionStateStep.execute(StoreExecutionStateStep.java:46)
	at org.gradle.internal.execution.steps.StoreExecutionStateStep.execute(StoreExecutionStateStep.java:35)
	at org.gradle.internal.execution.steps.SkipUpToDateStep.executeBecause(SkipUpToDateStep.java:76)
	at org.gradle.internal.execution.steps.SkipUpToDateStep.lambda$execute$2(SkipUpToDateStep.java:54)
	at org.gradle.internal.execution.steps.SkipUpToDateStep.execute(SkipUpToDateStep.java:54)
	at org.gradle.internal.execution.steps.SkipUpToDateStep.execute(SkipUpToDateStep.java:36)
	at org.gradle.internal.execution.steps.legacy.MarkSnapshottingInputsFinishedStep.execute(MarkSnapshottingInputsFinishedStep.java:37)
	at org.gradle.internal.execution.steps.legacy.MarkSnapshottingInputsFinishedStep.execute(MarkSnapshottingInputsFinishedStep.java:27)
	at org.gradle.internal.execution.steps.ResolveIncrementalCachingStateStep.executeDelegate(ResolveIncrementalCachingStateStep.java:49)
	at org.gradle.internal.execution.steps.ResolveIncrementalCachingStateStep.executeDelegate(ResolveIncrementalCachingStateStep.java:27)
	at org.gradle.internal.execution.steps.AbstractResolveCachingStateStep.execute(AbstractResolveCachingStateStep.java:71)
	at org.gradle.internal.execution.steps.AbstractResolveCachingStateStep.execute(AbstractResolveCachingStateStep.java:39)
	at org.gradle.internal.execution.steps.ResolveChangesStep.execute(ResolveChangesStep.java:65)
	at org.gradle.internal.execution.steps.ResolveChangesStep.execute(ResolveChangesStep.java:36)
	at org.gradle.internal.execution.steps.ValidateStep.execute(ValidateStep.java:106)
	at org.gradle.internal.execution.steps.ValidateStep.execute(ValidateStep.java:55)
	at org.gradle.internal.execution.steps.AbstractCaptureStateBeforeExecutionStep.execute(AbstractCaptureStateBeforeExecutionStep.java:64)
	at org.gradle.internal.execution.steps.AbstractCaptureStateBeforeExecutionStep.execute(AbstractCaptureStateBeforeExecutionStep.java:43)
	at org.gradle.internal.execution.steps.AbstractSkipEmptyWorkStep.executeWithNonEmptySources(AbstractSkipEmptyWorkStep.java:125)
	at org.gradle.internal.execution.steps.AbstractSkipEmptyWorkStep.execute(AbstractSkipEmptyWorkStep.java:61)
	at org.gradle.internal.execution.steps.AbstractSkipEmptyWorkStep.execute(AbstractSkipEmptyWorkStep.java:36)
	at org.gradle.internal.execution.steps.legacy.MarkSnapshottingInputsStartedStep.execute(MarkSnapshottingInputsStartedStep.java:38)
	at org.gradle.internal.execution.steps.LoadPreviousExecutionStateStep.execute(LoadPreviousExecutionStateStep.java:36)
	at org.gradle.internal.execution.steps.LoadPreviousExecutionStateStep.execute(LoadPreviousExecutionStateStep.java:23)
	at org.gradle.internal.execution.steps.HandleStaleOutputsStep.execute(HandleStaleOutputsStep.java:75)
	at org.gradle.internal.execution.steps.HandleStaleOutputsStep.execute(HandleStaleOutputsStep.java:41)
	at org.gradle.internal.execution.steps.AssignMutableWorkspaceStep.lambda$execute$0(AssignMutableWorkspaceStep.java:35)
	at org.gradle.api.internal.tasks.execution.TaskExecution$4.withWorkspace(TaskExecution.java:289)
	at org.gradle.internal.execution.steps.AssignMutableWorkspaceStep.execute(AssignMutableWorkspaceStep.java:31)
	at org.gradle.internal.execution.steps.AssignMutableWorkspaceStep.execute(AssignMutableWorkspaceStep.java:22)
	at org.gradle.internal.execution.steps.ChoosePipelineStep.execute(ChoosePipelineStep.java:40)
	at org.gradle.internal.execution.steps.ChoosePipelineStep.execute(ChoosePipelineStep.java:23)
	at org.gradle.internal.execution.steps.ExecuteWorkBuildOperationFiringStep.lambda$execute$2(ExecuteWorkBuildOperationFiringStep.java:67)
	at org.gradle.internal.execution.steps.ExecuteWorkBuildOperationFiringStep.execute(ExecuteWorkBuildOperationFiringStep.java:67)
	at org.gradle.internal.execution.steps.ExecuteWorkBuildOperationFiringStep.execute(ExecuteWorkBuildOperationFiringStep.java:39)
	at org.gradle.internal.execution.steps.IdentityCacheStep.execute(IdentityCacheStep.java:46)
	at org.gradle.internal.execution.steps.IdentityCacheStep.execute(IdentityCacheStep.java:34)
	at org.gradle.internal.execution.steps.IdentifyStep.execute(IdentifyStep.java:48)
	at org.gradle.internal.execution.steps.IdentifyStep.execute(IdentifyStep.java:35)
	at org.gradle.internal.execution.impl.DefaultExecutionEngine$1.execute(DefaultExecutionEngine.java:61)
	at org.gradle.api.internal.tasks.execution.ExecuteActionsTaskExecuter.executeIfValid(ExecuteActionsTaskExecuter.java:127)
	at org.gradle.api.internal.tasks.execution.ExecuteActionsTaskExecuter.execute(ExecuteActionsTaskExecuter.java:116)
	at org.gradle.api.internal.tasks.execution.FinalizePropertiesTaskExecuter.execute(FinalizePropertiesTaskExecuter.java:46)
	at org.gradle.api.internal.tasks.execution.ResolveTaskExecutionModeExecuter.execute(ResolveTaskExecutionModeExecuter.java:51)
	at org.gradle.api.internal.tasks.execution.SkipTaskWithNoActionsExecuter.execute(SkipTaskWithNoActionsExecuter.java:57)
	at org.gradle.api.internal.tasks.execution.SkipOnlyIfTaskExecuter.execute(SkipOnlyIfTaskExecuter.java:74)
	at org.gradle.api.internal.tasks.execution.CatchExceptionTaskExecuter.execute(CatchExceptionTaskExecuter.java:36)
	at org.gradle.api.internal.tasks.execution.EventFiringTaskExecuter$1.executeTask(EventFiringTaskExecuter.java:77)
	at org.gradle.api.internal.tasks.execution.EventFiringTaskExecuter$1.call(EventFiringTaskExecuter.java:55)
	at org.gradle.api.internal.tasks.execution.EventFiringTaskExecuter$1.call(EventFiringTaskExecuter.java:52)
	at org.gradle.internal.operations.DefaultBuildOperationRunner$CallableBuildOperationWorker.execute(DefaultBuildOperationRunner.java:209)
	at org.gradle.internal.operations.DefaultBuildOperationRunner$CallableBuildOperationWorker.execute(DefaultBuildOperationRunner.java:204)
	at org.gradle.internal.operations.DefaultBuildOperationRunner$2.execute(DefaultBuildOperationRunner.java:66)
	at org.gradle.internal.operations.DefaultBuildOperationRunner$2.execute(DefaultBuildOperationRunner.java:59)
	at org.gradle.internal.operations.DefaultBuildOperationRunner.execute(DefaultBuildOperationRunner.java:166)
	at org.gradle.internal.operations.DefaultBuildOperationRunner.execute(DefaultBuildOperationRunner.java:59)
	at org.gradle.internal.operations.DefaultBuildOperationRunner.call(DefaultBuildOperationRunner.java:53)
	at org.gradle.api.internal.tasks.execution.EventFiringTaskExecuter.execute(EventFiringTaskExecuter.java:52)
	at org.gradle.execution.plan.LocalTaskNodeExecutor.execute(LocalTaskNodeExecutor.java:42)
	at org.gradle.execution.taskgraph.DefaultTaskExecutionGraph$InvokeNodeExecutorsAction.execute(DefaultTaskExecutionGraph.java:331)
	at org.gradle.execution.taskgraph.DefaultTaskExecutionGraph$InvokeNodeExecutorsAction.execute(DefaultTaskExecutionGraph.java:318)
	at org.gradle.execution.taskgraph.DefaultTaskExecutionGraph$BuildOperationAwareExecutionAction.lambda$execute$0(DefaultTaskExecutionGraph.java:314)
	at org.gradle.internal.operations.CurrentBuildOperationRef.with(CurrentBuildOperationRef.java:80)
	at org.gradle.execution.taskgraph.DefaultTaskExecutionGraph$BuildOperationAwareExecutionAction.execute(DefaultTaskExecutionGraph.java:314)
	at org.gradle.execution.taskgraph.DefaultTaskExecutionGraph$BuildOperationAwareExecutionAction.execute(DefaultTaskExecutionGraph.java:303)
	at org.gradle.execution.plan.DefaultPlanExecutor$ExecutorWorker.execute(DefaultPlanExecutor.java:463)
	at org.gradle.execution.plan.DefaultPlanExecutor$ExecutorWorker.run(DefaultPlanExecutor.java:380)
	at org.gradle.execution.plan.DefaultPlanExecutor.process(DefaultPlanExecutor.java:116)
	at org.gradle.execution.taskgraph.DefaultTaskExecutionGraph.executeWithServices(DefaultTaskExecutionGraph.java:138)
	at org.gradle.execution.taskgraph.DefaultTaskExecutionGraph.execute(DefaultTaskExecutionGraph.java:123)
	at org.gradle.execution.SelectedTaskExecutionAction.execute(SelectedTaskExecutionAction.java:35)
	at org.gradle.execution.DryRunBuildExecutionAction.execute(DryRunBuildExecutionAction.java:51)
	at org.gradle.execution.BuildOperationFiringBuildWorkerExecutor$ExecuteTasks.call(BuildOperationFiringBuildWorkerExecutor.java:54)
	at org.gradle.execution.BuildOperationFiringBuildWorkerExecutor$ExecuteTasks.call(BuildOperationFiringBuildWorkerExecutor.java:43)
	at org.gradle.internal.operations.DefaultBuildOperationRunner$CallableBuildOperationWorker.execute(DefaultBuildOperationRunner.java:209)
	at org.gradle.internal.operations.DefaultBuildOperationRunner$CallableBuildOperationWorker.execute(DefaultBuildOperationRunner.java:204)
	at org.gradle.internal.operations.DefaultBuildOperationRunner$2.execute(DefaultBuildOperationRunner.java:66)
	at org.gradle.internal.operations.DefaultBuildOperationRunner$2.execute(DefaultBuildOperationRunner.java:59)
	at org.gradle.internal.operations.DefaultBuildOperationRunner.execute(DefaultBuildOperationRunner.java:166)
	at org.gradle.internal.operations.DefaultBuildOperationRunner.execute(DefaultBuildOperationRunner.java:59)
	at org.gradle.internal.operations.DefaultBuildOperationRunner.call(DefaultBuildOperationRunner.java:53)
	at org.gradle.execution.BuildOperationFiringBuildWorkerExecutor.execute(BuildOperationFiringBuildWorkerExecutor.java:40)
	at org.gradle.internal.build.DefaultBuildLifecycleController.lambda$executeTasks$10(DefaultBuildLifecycleController.java:313)
	at org.gradle.internal.model.StateTransitionController.doTransition(StateTransitionController.java:266)
	at org.gradle.internal.model.StateTransitionController.lambda$tryTransition$8(StateTransitionController.java:177)
	at org.gradle.internal.work.DefaultSynchronizer.withLock(DefaultSynchronizer.java:44)
	at org.gradle.internal.model.StateTransitionController.tryTransition(StateTransitionController.java:177)
	at org.gradle.internal.build.DefaultBuildLifecycleController.executeTasks(DefaultBuildLifecycleController.java:304)
	at org.gradle.internal.build.DefaultBuildWorkGraphController$DefaultBuildWorkGraph.runWork(DefaultBuildWorkGraphController.java:220)
	at org.gradle.internal.work.DefaultWorkerLeaseService.withLocks(DefaultWorkerLeaseService.java:264)
	at org.gradle.internal.work.DefaultWorkerLeaseService.runAsWorkerThread(DefaultWorkerLeaseService.java:128)
	at org.gradle.composite.internal.DefaultBuildController.doRun(DefaultBuildController.java:181)
	at org.gradle.composite.internal.DefaultBuildController.access$000(DefaultBuildController.java:50)
	at org.gradle.composite.internal.DefaultBuildController$BuildOpRunnable.lambda$run$0(DefaultBuildController.java:198)
	at org.gradle.internal.operations.CurrentBuildOperationRef.with(CurrentBuildOperationRef.java:80)
	at org.gradle.composite.internal.DefaultBuildController$BuildOpRunnable.run(DefaultBuildController.java:198)
	at org.gradle.internal.concurrent.ExecutorPolicy$CatchAndRecordFailures.onExecute(ExecutorPolicy.java:64)
	at org.gradle.internal.concurrent.AbstractManagedExecutor$1.run(AbstractManagedExecutor.java:47)


Deprecated Gradle features were used in this build, making it incompatible with Gradle 9.0.

You can use '--warning-mode all' to show the individual deprecation warnings and determine if they come from your own scripts or plugins.

For more on this, please refer to https://docs.gradle.org/8.8/userguide/command_line_interface.html#sec:command_line_warnings in the Gradle documentation.

BUILD FAILED in 4m 56s
2 actionable tasks: 2 executed
Some of the file system contents retained in the virtual file system are on file systems that Gradle doesn't support watching. The relevant state was discarded to ensure changes to these locations are properly detected. You can override this by explicitly enabling file system watching.
